DBN,sch.name,sch.pop,sch.rig.instr,sch.coll.teach,sch.support.env,sch.eff.lead,sch.fam.inv,sch.trust,sch.ela,sch.mth,sch.ell,sch.iep,sch.contained,sch.ENI,sch.tmp.hous,sch.HRA,sch.eth.aapi,sch.eth.bl,sch.eth.his,sch.eth.wh,sch.princ.yrs,sch.teach.3plus,sch.st.att,sch.abs.18plus,sch.tch.att,sch.coll.3sem,sch.grad
01M292,Orchard Collegiate Academy,197,0.73,0.78,0.76,0.83,0.85,0.9,2.7,2.33,0.117,0.289,0.005,0.87,0.183,0.782,0.096,0.269,0.569,0.03,4,0.75,0.917,0.289,0.97,0.395,0.89
01M448,University Neighborhood High School,483,0.86,0.91,0.83,0.91,0.86,0.93,2.97,2.99,0.147,0.17,0,0.83,0.18,0.723,0.369,0.195,0.383,0.046,0.7,0.6,0.909,0.274,0.967,0.669,0.94
01M450,East Side Community School,370,0.9,0.95,0.84,0.95,0.97,0.95,3.07,3.06,0.016,0.246,0,0.68,0.084,0.541,0.13,0.192,0.522,0.124,17.9,0.811,0.938,0.146,0.975,0.68,0.9
01M509,Marta Valle High School,127,0.66,0.54,0.63,0.59,0.8,0.71,2.79,2.36,0.063,0.276,0.047,0.81,0.134,0.74,0.071,0.37,0.512,0.024,4.1,0.385,0.796,0.628,0.969,0.397,0.92
01M539,"New Explorations into Science, Technology and Math",615,0.83,0.75,0.71,0.77,0.92,0.82,3.7,3.9,0.003,0.143,0.002,0.4,0.02,0.285,0.268,0.124,0.187,0.39,4.1,0.738,0.952,0.096,0.965,0.894,1
01M696,Bard High School Early College,615,0.88,0.77,0.81,0.85,0.87,0.87,3.88,4.1,0.002,0.076,0,0.4,0.026,0.293,0.293,0.111,0.171,0.398,8.9,0.868,0.948,0.114,0.97,0.811,0.99
02M047,47 The American Sign Language and English Secondar,196,0.68,0.72,0.68,0.74,0.82,0.82,2.93,2.69,0.046,0.27,0.01,0.77,0.163,0.673,0.031,0.276,0.643,0.046,11.1,0.364,0.9,0.352,0.975,0.686,0.93
02M135,The Urban Assembly School for Emergency Management,265,0.79,0.8,0.67,0.8,0.86,0.86,2.85,2.49,0.034,0.223,0.004,0.81,0.158,0.702,0.06,0.283,0.6,0.034,1.1,0.708,0.86,0.465,0.967,0.609,0.9
02M139,Stephen T. Mather Building Arts & Craftsmanship Hi,401,0.71,0.74,0.65,0.79,0.84,0.83,2.74,2.59,0.072,0.257,0,0.83,0.117,0.721,0.042,0.264,0.631,0.042,6.1,0.659,0.849,0.527,0.971,0.283,0.88
02M260,The Clinton School,433,0.81,0.76,0.71,0.77,0.83,0.86,3.68,3.62,0.005,0.18,0,0.25,0.009,0.152,0.111,0.055,0.143,0.628,7.9,0.735,0.946,0.149,0.973,N<15,0.9
02M280,Manhattan Early College School for Advertising,416,0.75,0.7,0.74,0.74,0.9,0.83,2.98,2.8,0.038,0.183,0,0.72,0.115,0.603,0.099,0.361,0.45,0.053,1.1,0.714,0.892,0.327,0.972,N<15,0.96
02M282,Urban Assembly Maker Academy,390,0.8,0.82,0.76,0.92,0.91,0.92,2.94,2.81,0.038,0.19,0.003,0.72,0.087,0.608,0.082,0.269,0.497,0.108,5.1,0.586,0.889,0.329,0.971,N<15,0.9
02M288,Food and Finance High School,375,0.74,0.65,0.58,0.67,0.79,0.8,2.81,2.62,0.032,0.197,0.003,0.78,0.104,0.683,0.059,0.36,0.539,0.029,15.1,0.793,0.88,0.395,0.945,0.618,0.85
02M294,Essex Street Academy,339,0.86,0.95,0.81,0.94,0.91,0.96,2.97,2.65,0.035,0.271,0,0.69,0.088,0.563,0.062,0.345,0.428,0.106,3.7,0.926,0.886,0.347,0.967,0.711,0.9
02M296,High School of Hospitality Management,380,0.79,0.76,0.68,0.82,0.88,0.86,2.67,2.35,0.092,0.261,0.008,0.87,0.158,0.789,0.05,0.276,0.645,0.018,6.9,0.786,0.841,0.421,0.971,0.471,0.76
02M298,Pace High School,572,0.75,0.79,0.71,0.8,0.84,0.86,2.98,2.8,0.03,0.184,0,0.75,0.087,0.631,0.045,0.33,0.54,0.04,3.7,0.795,0.869,0.445,0.966,0.488,0.85
02M300,"Urban Assembly School of Design and Construction,",302,0.79,0.82,0.72,0.9,0.92,0.94,2.65,2.56,0.116,0.258,0.007,0.86,0.172,0.768,0.056,0.225,0.682,0.026,0.9,0.609,0.813,0.482,0.971,0.423,0.73
02M303,"Facing History School, The",372,0.78,0.86,0.72,0.93,0.89,0.95,2.62,2.37,0.11,0.245,0,0.86,0.172,0.766,0.011,0.255,0.699,0.022,7.9,0.7,0.8,0.566,0.958,0.494,0.83
02M305,"Urban Assembly Academy of Government and Law, The",324,0.77,0.8,0.7,0.88,0.94,0.87,2.84,2.54,0.04,0.207,0.006,0.85,0.17,0.769,0.059,0.34,0.565,0.031,5,0.56,0.852,0.464,0.97,0.478,0.89
02M308,Lower Manhattan Arts Academy,290,0.68,0.53,0.61,0.47,0.78,0.67,2.7,2.34,0.069,0.366,0.021,0.82,0.145,0.693,0.086,0.286,0.583,0.028,0.1,0.769,0.868,0.438,0.956,0.584,0.79
02M316,"Urban Assembly School of Business for Young Women,",179,0.91,0.97,0.85,0.98,0.87,0.94,2.93,2.56,0.073,0.168,0,0.84,0.128,0.76,0.056,0.492,0.374,0.034,14.1,0.6,0.811,0.513,0.972,0.538,0.77
02M374,Gramercy Arts High School,468,0.73,0.73,0.59,0.72,0.83,0.81,3.11,2.82,0.021,0.171,0.006,0.76,0.098,0.652,0.045,0.327,0.519,0.064,5.1,0.765,0.838,0.496,0.946,0.544,0.91
02M376,NYC iSchool,466,0.87,0.88,0.83,0.9,0.88,0.94,3.67,3.7,0.011,0.165,0.004,0.34,0.047,0.212,0.084,0.148,0.223,0.487,6.9,0.818,0.947,0.114,0.982,0.695,1
02M392,Manhattan Business Academy,414,0.81,0.84,0.71,0.88,0.8,0.89,2.87,2.66,0.063,0.21,0.002,0.81,0.147,0.71,0.063,0.225,0.65,0.046,10.1,0.75,0.848,0.454,0.974,0.614,0.9
02M393,Business Of Sports School,429,0.74,0.76,0.7,0.81,0.89,0.87,2.59,2.37,0.082,0.242,0.002,0.8,0.152,0.688,0.012,0.329,0.611,0.03,10.1,0.658,0.847,0.513,0.951,0.575,0.87
02M399,The High School For Language And Diplomacy,302,0.67,0.57,0.61,0.59,0.75,0.74,2.85,2.79,0.109,0.175,0.01,0.83,0.123,0.725,0.242,0.232,0.464,0.033,3.5,0.684,0.83,0.472,0.971,0.62,0.83
02M400,High School for Environmental Studies,1146,0.82,0.79,0.73,0.84,0.88,0.87,2.98,2.91,0.087,0.189,0.02,0.79,0.111,0.681,0.111,0.161,0.649,0.065,3.5,0.853,0.861,0.35,0.967,0.659,0.79
02M407,Institute for Collaborative Education,277,0.76,0.78,0.73,0.75,0.93,0.81,2.92,2.77,0.007,0.191,0,0.39,0.065,0.253,0.061,0.217,0.202,0.487,7.5,0.852,0.916,0.176,0.965,0.683,0.96
02M408,Professional Performing Arts High School,435,0.77,0.8,0.7,0.84,0.87,0.86,3.47,3.42,0.002,0.145,0,0.4,0.048,0.239,0.076,0.225,0.209,0.432,14.1,0.862,0.933,0.183,0.967,0.719,0.98
02M411,Baruch College Campus High School,475,0.83,0.65,0.75,0.65,0.86,0.79,3.74,3.91,0.011,0.118,0.002,0.4,0.059,0.312,0.354,0.036,0.137,0.432,15.3,0.778,0.96,0.082,0.973,0.955,1
02M412,N.Y.C. Lab School for Collaborative Studies,471,0.85,0.89,0.79,0.92,0.91,0.93,3.74,3.85,0.006,0.206,0,0.3,0.025,0.206,0.191,0.036,0.123,0.575,12.9,0.905,0.938,0.16,0.972,0.856,0.97
02M413,School of the Future High School,445,0.79,0.8,0.75,0.84,0.9,0.83,3.37,3.39,0.002,0.196,0,0.43,0.067,0.315,0.182,0.11,0.267,0.351,11.9,0.745,0.945,0.143,0.973,0.918,0.95
02M414,N.Y.C. Museum School,449,0.8,0.72,0.72,0.72,0.83,0.77,3.63,3.69,0.009,0.203,0.002,0.56,0.045,0.441,0.245,0.136,0.376,0.223,14.1,0.714,0.929,0.206,0.974,0.88,0.98
02M416,Eleanor Roosevelt High School,530,0.89,0.77,0.84,0.82,0.9,0.89,4.02,4.18,0,0.155,0,0.2,0.009,0.13,0.158,0.026,0.1,0.675,11.1,0.848,0.968,0.055,0.971,0.849,1
02M418,Millennium High School,681,0.85,0.81,0.8,0.84,0.84,0.86,3.8,3.96,0.007,0.125,0,0.48,0.056,0.389,0.47,0.038,0.11,0.32,7.1,0.897,0.97,0.061,0.976,0.873,1
02M419,Landmark High School,330,0.76,0.85,0.72,0.89,0.89,0.9,2.67,2.35,0.055,0.224,0,0.83,0.136,0.721,0.03,0.339,0.591,0.024,6.9,0.731,0.799,0.607,0.956,0.41,0.77
02M420,High School for Health Professions and Human Servi,1825,0.83,0.81,0.76,0.79,0.78,0.85,3.17,3.19,0.042,0.13,0.002,0.75,0.081,0.65,0.22,0.156,0.53,0.079,9.9,0.811,0.92,0.218,0.965,0.722,0.95
02M422,Quest to Learn,378,0.83,0.92,0.71,0.92,0.88,0.91,2.84,2.58,0.037,0.28,0.003,0.65,0.114,0.553,0.119,0.204,0.431,0.209,3.1,0.878,0.864,0.423,0.968,0.62,0.81
02M425,Leadership and Public Service High School,473,0.83,0.82,0.75,0.8,0.83,0.87,2.83,2.61,0.049,0.201,0,0.83,0.123,0.746,0.085,0.268,0.59,0.036,8.1,0.767,0.832,0.501,0.965,0.376,0.89
02M427,Manhattan Academy For Arts & Language,233,0.9,0.92,0.75,0.94,0.89,0.9,2.01,2.08,0.674,0.124,0.013,0.96,0.433,0.777,0.009,0.021,0.948,0.021,9.1,0.947,0.865,0.438,0.96,0.273,0.65
02M432,Murray Hill Academy,304,0.87,0.91,0.79,0.91,0.87,0.92,2.65,2.41,0.039,0.25,0.003,0.82,0.151,0.724,0.059,0.306,0.53,0.066,9.1,0.625,0.804,0.55,0.981,0.466,0.69
02M437,Hudson High School of Learning Technologies,476,0.77,0.66,0.68,0.68,0.79,0.77,2.74,2.51,0.088,0.256,0.004,0.83,0.137,0.725,0.061,0.252,0.628,0.034,9.1,0.853,0.822,0.552,0.968,0.415,0.81
02M438,International High School at Union Square,356,0.85,0.93,0.82,0.91,0.86,0.93,1.93,2.16,0.862,0.034,0,0.97,0.402,0.716,0.157,0.202,0.534,0.098,3.9,0.815,0.89,0.332,0.976,0.563,0.69
02M439,Manhattan Village Academy,452,0.85,0.82,0.78,0.88,0.91,0.88,3.35,3.32,0.02,0.157,0,0.68,0.049,0.527,0.084,0.159,0.666,0.086,19.9,0.724,0.981,0.022,0.976,0.854,0.99
02M449,Vanguard High School,427,0.86,0.92,0.79,0.92,0.9,0.92,2.78,2.5,0.03,0.246,0.005,0.76,0.089,0.651,0.059,0.246,0.593,0.068,7.9,0.829,0.87,0.423,0.955,0.464,0.78
02M459,Manhattan International High School,313,0.85,0.93,0.83,0.95,0.91,0.95,1.98,2.19,0.716,0.022,0.003,0.93,0.233,0.636,0.144,0.15,0.508,0.195,6.9,0.727,0.877,0.401,0.975,0.514,0.62
02M475,Stuyvesant High School,3316,0.9,0.84,0.84,0.92,0.87,0.93,4.2,4.39,0,0.005,0,0.4,0.02,0.288,0.732,0.009,0.03,0.188,2.9,0.907,0.968,0.058,0.966,0.946,0.99
02M489,High School of Economics and Finance,741,0.82,0.82,0.73,0.84,0.85,0.87,2.9,2.89,0.059,0.193,0.009,0.77,0.109,0.657,0.216,0.25,0.443,0.08,12,0.705,0.898,0.233,0.97,0.743,0.9
02M500,Unity Center for Urban Technologies,278,0.9,0.75,0.93,0.78,0.88,0.91,2.73,2.53,0.068,0.237,0.004,0.88,0.18,0.795,0.083,0.259,0.612,0.04,12,0.333,0.804,0.55,0.959,0.452,0.9
02M507,Urban Assembly Gateway School for Technology,456,0.89,0.9,0.79,0.88,0.88,0.91,3.01,2.93,0.035,0.224,0,0.67,0.092,0.513,0.064,0.309,0.546,0.066,2,0.743,0.922,0.24,0.965,0.55,0.96
02M519,Talent Unlimited High School,518,0.77,0.71,0.72,0.77,0.89,0.84,3.29,3.09,0.01,0.141,0.002,0.53,0.052,0.4,0.039,0.305,0.446,0.137,2.8,0.794,0.909,0.275,0.976,0.762,0.96
02M520,Murry Bergtraum High School for Business Careers,182,0.7,0.66,0.62,0.6,0.87,0.79,2.67,2.37,0.06,0.236,0.005,0.81,0.11,0.709,0.044,0.511,0.412,0.016,4.7,0.688,0.782,0.56,0.979,0.349,0.73
02M529,Jacqueline Kennedy Onassis High School,443,0.72,0.69,0.63,0.77,0.79,0.78,2.68,2.42,0.09,0.201,0.023,0.79,0.131,0.695,0.061,0.242,0.652,0.034,15.1,0.486,0.785,0.64,0.972,0.422,0.64
02M531,Repertory Company High School for Theatre Arts,237,0.71,0.69,0.48,0.7,0.83,0.85,3.33,3.13,0.004,0.169,0,0.56,0.051,0.418,0.008,0.325,0.46,0.181,3.5,0.867,0.91,0.311,0.946,0.792,1
02M533,Union Square Academy for Health Sciences,414,0.76,0.7,0.69,0.76,0.92,0.84,2.82,2.69,0.075,0.152,0.002,0.83,0.104,0.742,0.114,0.205,0.611,0.065,7.1,0.621,0.878,0.391,0.968,0.681,0.84
02M534,Harvest Collegiate High School,457,0.84,0.87,0.7,0.89,0.89,0.89,3.06,2.8,0.024,0.252,0.009,0.64,0.072,0.514,0.066,0.21,0.495,0.188,7,0.789,0.861,0.382,0.955,0.633,0.86
02M542,Manhattan Bridges High School,532,0.9,0.85,0.82,0.89,0.88,0.9,2.43,2.67,0.464,0.073,0.006,0.91,0.28,0.776,0.002,0.004,0.989,0.002,0.6,0.839,0.906,0.294,0.975,0.585,0.95
02M543,New Design High School,426,0.79,0.81,0.75,0.81,0.76,0.9,2.66,2.36,0.054,0.263,0.012,0.83,0.129,0.732,0.049,0.345,0.577,0.014,16.1,0.795,0.827,0.532,0.964,0.569,0.77
02M545,High School for Dual Language and Asian Studies,402,0.85,0.74,0.82,0.76,0.8,0.87,3.27,4,0.134,0.032,0,0.78,0.162,0.677,0.91,0.022,0.035,0.022,16.1,0.833,0.985,0.015,0.984,0.856,1
02M546,Academy for Software Engineering,459,0.8,0.82,0.77,0.83,0.88,0.9,3.01,2.97,0.041,0.259,0.002,0.68,0.063,0.549,0.102,0.207,0.566,0.109,1.8,0.794,0.893,0.291,0.964,0.614,0.93
02M551,Urban Assembly New York Harbor School,533,0.78,0.85,0.68,0.9,0.85,0.92,3.04,2.87,0.021,0.229,0.002,0.54,0.068,0.428,0.075,0.173,0.405,0.266,4.1,0.795,0.891,0.31,0.969,0.453,0.84
02M580,Richard R. Green High School of Teaching,429,0.85,0.84,0.78,0.84,0.9,0.91,2.87,2.61,0.042,0.189,0,0.78,0.119,0.655,0.063,0.289,0.599,0.033,2,0.839,0.906,0.227,0.964,0.496,0.84
02M600,The High School of Fashion Industries,1577,0.82,0.84,0.73,0.89,0.91,0.9,3.05,2.77,0.032,0.162,0.04,0.76,0.107,0.649,0.055,0.313,0.57,0.052,8.9,0.869,0.901,0.314,0.963,0.733,0.89
02M605,Humanities Preparatory Academy,245,0.9,0.98,0.88,0.99,0.91,0.97,3.05,2.79,0.033,0.204,0,0.74,0.2,0.567,0.061,0.216,0.62,0.073,6.9,0.722,0.836,0.421,0.982,0.612,0.94
02M615,Chelsea Career and Technical Education High School,451,0.74,0.71,0.65,0.72,0.85,0.83,2.91,2.8,0.04,0.195,0.004,0.79,0.102,0.701,0.135,0.215,0.616,0.027,1.9,0.75,0.852,0.459,0.947,0.465,0.84
02M630,Art and Design High School,1478,0.76,0.75,0.67,0.8,0.86,0.79,3.35,3.15,0.008,0.212,0.013,0.57,0.068,0.444,0.085,0.148,0.539,0.173,3.5,0.698,0.894,0.295,0.967,0.631,0.9
02M655,Life Sciences Secondary School,425,0.78,0.86,0.72,0.89,0.89,0.91,2.69,2.43,0.104,0.219,0.026,0.86,0.16,0.76,0.073,0.256,0.624,0.038,4.1,0.758,0.775,0.626,0.951,0.354,0.79
03M291,West End Secondary School,118,0.87,0.88,0.78,0.95,0.96,0.92,3.5,3.42,0,0.195,0,0.19,0.034,0.11,0.034,0.085,0.195,0.669,4.1,0.516,0.956,0.085,0.972,N<15,N<15
03M299,The Maxine Greene HS for Imaginative Inquiry,341,0.59,0.46,0.55,0.5,0.81,0.71,2.72,2.42,0.129,0.252,0.029,0.85,0.182,0.757,0.029,0.37,0.531,0.041,14.1,0.6,0.811,0.571,0.971,0.38,0.77
03M307,"Urban Assembly School for Media Studies, The",407,0.84,0.94,0.77,0.93,0.87,0.94,2.79,2.52,0.054,0.155,0,0.85,0.133,0.757,0.025,0.322,0.607,0.02,1.1,0.63,0.849,0.513,0.985,0.375,0.82
03M402,The Urban Assembly School for Green Careers,304,0.81,0.91,0.73,0.91,0.84,0.89,2.71,2.44,0.151,0.234,0.007,0.83,0.171,0.734,0.023,0.28,0.589,0.086,3.1,0.444,0.816,0.558,0.971,0.437,0.77
03M403,The Global Learning Collaborative,414,0.78,0.84,0.66,0.94,0.83,0.91,2.76,2.58,0.123,0.203,0.014,0.85,0.143,0.758,0.019,0.256,0.662,0.051,6.9,0.765,0.857,0.392,0.959,0.434,0.79
03M415,Wadleigh Secondary School for the Performing & Vis,227,0.79,0.81,0.71,0.86,0.98,0.86,2.82,2.45,0.022,0.211,0,0.87,0.185,0.78,0.004,0.537,0.401,0.018,1,0.813,0.867,0.444,0.983,0.407,0.89
03M417,Frank McCourt High School,413,0.81,0.85,0.69,0.87,0.87,0.88,3.25,3.23,0.029,0.213,0.007,0.49,0.039,0.361,0.046,0.136,0.46,0.3,9.1,0.815,0.914,0.231,0.958,0.859,0.97
03M479,Beacon High School,1423,0.88,0.73,0.81,0.73,0.82,0.8,3.91,3.98,0.001,0.114,0.013,0.3,0.02,0.189,0.09,0.143,0.197,0.467,15,0.912,0.968,0.054,0.974,0.837,0.98
03M485,Fiorello H. LaGuardia High School of Music & Art a,2760,0.77,0.56,0.68,0.48,0.79,0.64,3.93,4.01,0.002,0.037,0,0.3,0.014,0.192,0.195,0.099,0.179,0.455,5.9,0.911,0.949,0.106,0.958,0.887,0.99
03M492,"High School for Law, Advocacy and Community Justic",429,0.82,0.81,0.7,0.82,0.84,0.87,2.87,2.57,0.065,0.17,0,0.83,0.17,0.734,0.047,0.336,0.573,0.026,7.9,0.813,0.855,0.42,0.969,0.431,0.76
03M494,High School of Arts and Technology,492,0.61,0.59,0.56,0.7,0.83,0.82,2.66,2.45,0.087,0.252,0.026,0.85,0.167,0.748,0.063,0.319,0.553,0.039,1.1,0.583,0.811,0.519,0.97,0.371,0.68
03M541,Manhattan / Hunter Science High School,441,0.86,0.81,0.79,0.83,0.8,0.88,3.84,3.98,0,0.138,0,0.54,0.041,0.408,0.272,0.163,0.306,0.209,5.9,0.8,0.974,0.05,0.956,0.869,0.99
03M859,Special Music School,181,0.87,0.88,0.76,0.93,0.93,0.91,3.62,3.51,0.006,0.144,0.006,0.36,0.05,0.182,0.094,0.105,0.155,0.475,9.3,0.875,0.931,0.222,0.982,0.784,0.95
03M860,Frederick Douglass Academy II Secondary School,290,0.67,0.64,0.63,0.62,0.9,0.82,2.51,2.27,0.107,0.255,0.003,0.88,0.186,0.779,0.021,0.624,0.328,0.017,9,0.448,0.819,0.495,0.971,0.329,0.78
04M372,Esperanza Preparatory Academy,354,0.8,0.79,0.71,0.86,0.88,0.86,2.52,2.32,0.336,0.192,0.085,0.94,0.215,0.847,0.003,0.09,0.893,0.014,3,0.582,0.877,0.413,0.97,0.388,0.76
04M435,Manhattan Center for Science and Mathematics,1650,0.93,0.97,0.88,0.96,0.85,0.93,3.45,3.58,0.068,0.141,0.004,0.76,0.093,0.628,0.201,0.193,0.533,0.058,12.1,0.607,0.938,0.163,0.974,0.782,0.97
04M495,Park East High School,389,0.86,0.89,0.81,0.9,0.89,0.91,3.03,2.97,0.041,0.18,0,0.78,0.093,0.645,0.067,0.254,0.617,0.026,14.1,0.813,0.943,0.128,0.98,0.713,0.96
04M555,Central Park East High School,508,0.89,0.95,0.86,0.96,0.9,0.94,3.47,3.53,0.018,0.157,0.002,0.74,0.073,0.61,0.177,0.258,0.494,0.045,14.1,0.903,0.969,0.067,0.976,0.889,1
04M610,Young Women's Leadership School,314,0.87,0.93,0.78,0.95,0.89,0.94,3.28,3.18,0.016,0.178,0,0.78,0.054,0.653,0.086,0.239,0.589,0.038,0.9,0.806,0.938,0.204,0.95,0.926,0.99
04M680,"Heritage School, The",313,0.76,0.82,0.68,0.88,0.81,0.86,2.6,2.32,0.07,0.22,0,0.88,0.163,0.802,0.042,0.265,0.649,0.032,7.7,0.818,0.886,0.297,0.959,0.414,0.9
05M148,Eagle Academy for Young Men of Harlem,191,0.74,0.69,0.68,0.71,0.87,0.84,2.6,2.24,0.026,0.262,0.042,0.78,0.094,0.66,0,0.733,0.22,0.01,6.1,0.568,0.825,0.588,0.962,N<15,N<15
05M157,The Urban Assembly School for Global Commerce,250,0.63,0.6,0.65,0.68,0.9,0.81,2.57,2.27,0.1,0.276,0.036,0.92,0.144,0.84,0.012,0.492,0.456,0.028,2,0.609,0.766,0.659,0.967,0.469,0.74
05M304,Mott Hall High School,288,0.66,0.67,0.66,0.7,0.94,0.83,2.51,2.27,0.201,0.319,0.021,0.91,0.24,0.826,0.042,0.344,0.569,0.028,8.9,0.529,0.845,0.389,0.951,0.381,0.64
05M362,Columbia Secondary School,421,0.85,0.8,0.76,0.86,0.9,0.9,3.77,4,0.005,0.133,0.002,0.51,0.043,0.352,0.102,0.181,0.397,0.264,7.9,0.796,0.924,0.238,0.973,0.933,0.96
05M369,Urban Assembly School for the Performing Arts,387,0.82,0.78,0.75,0.88,0.83,0.89,2.65,2.31,0.075,0.243,0.047,0.87,0.158,0.783,0.008,0.478,0.475,0.008,5,0.731,0.827,0.521,0.962,0.461,0.73
05M499,Frederick Douglass Academy,981,0.7,0.7,0.58,0.71,0.82,0.81,2.88,2.68,0.047,0.16,0.006,0.78,0.129,0.664,0.015,0.69,0.261,0.021,2,0.952,0.891,0.329,0.964,0.632,0.82
05M670,Thurgood Marshall Academy for Learning and Social,386,0.74,0.76,0.64,0.86,0.87,0.89,2.83,2.47,0.039,0.215,0.018,0.77,0.127,0.619,0.018,0.663,0.293,0.008,1.2,0.902,0.911,0.252,0.952,0.554,0.84
05M692,"High School for Mathematics, Science and Engineeri",491,0.89,0.8,0.85,0.84,0.89,0.87,3.99,4.27,0.002,0.055,0,0.4,0.035,0.269,0.297,0.086,0.167,0.301,7.7,0.935,0.952,0.122,0.965,0.783,0.99
06M211,Inwood Early College for Health and Information Te,414,0.68,0.66,0.67,0.75,0.9,0.89,2.79,2.69,0.116,0.256,0.002,0.82,0.123,0.71,0.005,0.118,0.843,0.014,5.1,0.697,0.822,0.534,0.955,N<15,0.71
06M293,City College Academy of the Arts,346,0.83,0.77,0.74,0.78,0.91,0.88,3.37,3.45,0.029,0.142,0,0.78,0.084,0.671,0.017,0.049,0.89,0.035,14.1,0.795,0.936,0.185,0.968,0.795,0.95
06M346,Community Health Academy of the Heights,435,0.88,0.92,0.82,0.96,0.93,0.95,2.83,2.55,0.179,0.166,0.002,0.91,0.163,0.802,0.009,0.057,0.915,0.016,8.2,0.846,0.817,0.511,0.987,0.523,0.84
06M348,Washington Heights Expeditionary Learning School,381,0.82,0.84,0.79,0.84,0.89,0.92,2.9,2.88,0.094,0.189,0.013,0.86,0.147,0.761,0.005,0.045,0.942,0.003,3.9,0.769,0.892,0.307,0.977,0.614,0.9
06M462,The College Academy,427,0.8,0.8,0.72,0.85,0.88,0.85,2.31,2.18,0.522,0.18,0.026,0.93,0.302,0.81,0.002,0.066,0.899,0.021,3,0.645,0.821,0.518,0.972,0.353,0.73
06M463,High School for Media and Communications,396,0.75,0.8,0.7,0.81,0.9,0.88,2.46,2.14,0.497,0.177,0.003,0.93,0.331,0.818,0.008,0.093,0.876,0.013,4,0.741,0.899,0.221,0.966,0.33,0.69
06M467,High School for Law and Public Service,481,0.83,0.92,0.72,0.97,0.96,0.95,2.51,2.3,0.389,0.258,0.108,0.92,0.27,0.823,0.006,0.139,0.832,0.021,19.9,0.912,0.799,0.607,0.966,0.477,0.55
06M468,High School for Health Careers and Sciences,423,0.78,0.8,0.67,0.86,0.99,0.89,2.48,2.26,0.411,0.184,0.007,0.92,0.246,0.811,0.019,0.149,0.811,0.012,6.5,0.8,0.887,0.285,0.962,0.383,0.78
06M540,A. Philip Randolph Campus High School,1503,0.8,0.8,0.71,0.83,0.83,0.87,2.85,2.66,0.142,0.156,0.019,0.86,0.152,0.77,0.055,0.277,0.633,0.023,7.6,0.884,0.857,0.417,0.966,0.505,0.84
06M552,Gregorio Luperon High School for Science and Mathe,521,0.87,0.92,0.85,0.96,0.93,0.95,2,2.13,0.781,0.023,0.004,0.99,0.418,0.781,0,0,1,0,2.7,0.8,0.915,0.222,0.971,0.534,0.87
07X221,South Bronx Preparatory: A College Board School,389,0.9,0.92,0.86,0.93,0.88,0.93,2.81,2.56,0.054,0.239,0,0.92,0.111,0.825,0.018,0.257,0.704,0.015,12.1,0.64,0.923,0.204,0.976,0.716,0.94
07X223,The Laboratory School of Finance and Technology: X,368,0.78,0.78,0.72,0.81,0.87,0.86,3.08,3.24,0.063,0.182,0,0.9,0.109,0.818,0.008,0.185,0.802,0.003,16.1,0.623,0.903,0.299,0.972,0.589,0.88
07X259,"H.E.R.O. High (Health, Education, and Research Occ",530,0.8,0.92,0.68,0.94,0.87,0.93,2.71,2.45,0.1,0.208,0.008,0.87,0.192,0.768,0.015,0.389,0.572,0.008,6.1,0.525,0.851,0.413,0.958,0.266,0.75
07X334,International Community High School,425,0.85,0.81,0.78,0.86,0.89,0.9,1.79,1.82,0.814,0.08,0.007,0.98,0.313,0.765,0.04,0.162,0.753,0.024,12.6,0.897,0.891,0.31,0.967,0.282,0.85
07X427,Community School for Social Justice,327,0.92,0.99,0.94,0.99,0.97,0.98,2.42,2.13,0.205,0.257,0.018,0.92,0.205,0.85,0,0.229,0.746,0.006,2.5,0.75,0.812,0.549,0.957,0.44,0.72
07X473,Mott Haven Village Preparatory High School,315,0.64,0.66,0.66,0.71,0.86,0.84,2.41,2.06,0.2,0.317,0.013,0.93,0.162,0.857,0.013,0.251,0.698,0.013,6.1,0.464,0.767,0.603,0.972,0.32,0.51
07X495,University Heights Secondary School,519,0.89,0.94,0.85,0.98,0.98,0.94,3.35,3.31,0.025,0.185,0.002,0.81,0.073,0.699,0.052,0.256,0.636,0.019,9.9,0.8,0.937,0.183,0.977,0.72,0.99
07X500,Hostos-Lincoln Academy of Science,369,0.83,0.85,0.75,0.88,0.89,0.91,3.11,2.85,0.03,0.201,0.005,0.86,0.1,0.745,0.03,0.228,0.713,0.022,15,0.833,0.918,0.263,0.967,0.616,0.88
07X522,Bronx Design and Construction Academy,452,0.67,0.53,0.58,0.63,0.87,0.72,2.52,2.35,0.168,0.294,0.053,0.88,0.201,0.774,0.002,0.277,0.681,0.018,2.7,0.643,0.807,0.494,0.965,0.252,0.67
07X527,Bronx Leadership Academy II High School,511,0.78,0.74,0.73,0.78,0.89,0.87,2.53,2.29,0.131,0.278,0.033,0.92,0.184,0.851,0.008,0.266,0.706,0.012,4,0.578,0.853,0.486,0.962,0.491,0.78
07X548,Careers in Sports High School,528,0.77,0.85,0.75,0.89,0.82,0.9,2.56,2.43,0.174,0.25,0.006,0.89,0.205,0.782,0.004,0.292,0.68,0.021,8.5,0.892,0.822,0.522,0.955,0.423,0.61
07X551,The Urban Assembly Bronx Academy of Letters,336,0.74,0.86,0.68,0.9,0.87,0.91,2.51,2.09,0.119,0.28,0.086,0.93,0.143,0.845,0.012,0.295,0.664,0.027,0.9,0.742,0.807,0.622,0.992,0.616,0.88
07X600,Alfred E. Smith Career and Technical Education Hig,455,0.76,0.76,0.66,0.81,0.89,0.83,2.42,2.21,0.193,0.279,0.04,0.89,0.182,0.804,0.004,0.215,0.754,0.015,7.1,0.821,0.863,0.497,0.965,0.321,0.88
07X670,Health Opportunities High School,497,0.74,0.76,0.66,0.7,0.76,0.77,2.55,2.26,0.137,0.223,0.006,0.91,0.213,0.819,0.008,0.374,0.586,0.008,0.7,0.848,0.822,0.529,0.968,0.373,0.6
08X269,Bronx Studio School for Writers and Artists,351,0.74,0.59,0.62,0.62,0.85,0.8,2.69,2.28,0.1,0.248,0.006,0.91,0.16,0.835,0.009,0.231,0.744,0.014,1.9,0.709,0.853,0.471,0.959,0.493,0.73
08X282,Women's Academy of Excellence,248,0.75,0.87,0.63,0.83,0.81,0.82,2.48,2.17,0.214,0.202,0,0.9,0.23,0.835,0.113,0.371,0.335,0.157,15.1,0.6,0.791,0.583,0.944,0.391,0.66
08X293,Renaissance High School for Musical Theater and th,460,0.82,0.94,0.74,0.95,0.89,0.94,2.63,2.34,0.059,0.23,0.002,0.8,0.13,0.73,0.037,0.243,0.65,0.063,11.1,0.563,0.833,0.512,0.955,0.389,0.84
08X312,Millennium Art Academy,422,0.72,0.82,0.68,0.84,0.84,0.87,2.76,2.37,0.066,0.251,0.002,0.82,0.154,0.725,0.014,0.275,0.673,0.024,7.1,0.914,0.835,0.508,0.966,0.449,0.75
08X320,Pelham Lab High School,475,0.76,0.79,0.63,0.84,0.91,0.88,2.62,2.32,0.156,0.215,0.019,0.82,0.135,0.735,0.067,0.213,0.619,0.074,6.1,0.525,0.829,0.571,0.966,0.352,0.69
08X348,Schuylerville Preparatory High School,360,0.69,0.79,0.59,0.84,0.9,0.88,2.64,2.34,0.144,0.225,0.008,0.78,0.103,0.694,0.058,0.283,0.558,0.083,3.1,0.786,0.833,0.538,0.962,0.391,0.68
08X349,Bronx River High School,425,0.76,0.75,0.65,0.86,0.84,0.83,2.53,2.34,0.162,0.249,0.021,0.85,0.139,0.751,0.054,0.228,0.638,0.054,6.1,0.706,0.823,0.559,0.968,0.435,0.8
08X367,"Archimedes Academy for Math, Science and Technolog",358,0.73,0.71,0.63,0.74,0.84,0.81,2.59,2.34,0.128,0.282,0.078,0.84,0.193,0.737,0.087,0.254,0.631,0.02,12.1,0.804,0.847,0.512,0.962,0.284,0.65
08X376,Antonia Pantoja Preparatory Academy: A College Boa,233,0.73,0.69,0.6,0.78,0.86,0.84,2.55,2.1,0.155,0.305,0.009,0.87,0.223,0.773,0.077,0.197,0.691,0.013,4.5,0.971,0.826,0.577,0.947,0.333,0.67
08X405,Herbert H. Lehman High School,794,0.79,0.75,0.63,0.75,0.83,0.84,2.76,2.52,0.128,0.247,0.074,0.8,0.113,0.724,0.144,0.27,0.476,0.093,4,0.677,0.852,0.436,0.955,0.41,0.68
08X432,Bronx Bridges High School,329,0.8,0.86,0.78,0.88,0.9,0.9,1.96,1.97,0.839,0.116,0.003,0.98,0.261,0.802,0.128,0.046,0.766,0.036,4.9,0.2,0.845,0.557,0.978,0.257,0.76
08X452,Gotham Collaborative High School,532,0.75,0.86,0.66,0.9,0.87,0.93,2.45,2.15,0.154,0.263,0,0.91,0.207,0.838,0.092,0.305,0.585,0.009,2.1,0.765,0.797,0.567,0.967,0.219,0.58
08X530,Longwood Preparatory Academy,342,0.82,0.89,0.74,0.92,0.95,0.94,2.39,2.07,0.175,0.292,0.003,0.91,0.222,0.833,0.009,0.345,0.623,0.012,3.5,0.485,0.825,0.517,0.963,0.25,0.7
08X558,Westchester Square Academy,554,0.7,0.72,0.64,0.75,0.81,0.83,2.78,2.51,0.096,0.206,0.002,0.75,0.121,0.65,0.065,0.244,0.569,0.112,3,0.425,0.816,0.499,0.962,0.44,0.75
08X559,School for Tourism and Hospitality,299,0.65,0.54,0.57,0.49,0.71,0.72,2.39,2.1,0.247,0.294,0.007,0.94,0.291,0.849,0.007,0.308,0.656,0.02,2.2,0.808,0.7,0.718,0.952,0.315,0.39
08X561,Bronx Compass High School,381,0.66,0.71,0.62,0.83,0.83,0.88,2.66,2.4,0.108,0.234,0.021,0.87,0.178,0.793,0.042,0.281,0.638,0.021,2.5,0.588,0.836,0.559,0.96,0.245,0.8
09X227,Bronx Collegiate Academy,388,0.87,0.94,0.77,0.97,0.91,0.96,2.57,2.25,0.191,0.219,0.003,0.94,0.175,0.871,0.034,0.232,0.719,0.01,8.4,0.75,0.845,0.382,0.957,0.396,0.84
09X231,Eagle Academy for Young Men,291,0.71,0.56,0.63,0.63,0.91,0.78,2.49,2.48,0.052,0.234,0.048,0.8,0.107,0.701,0.007,0.55,0.405,0.017,3.8,0.657,0.896,0.255,0.952,0.507,0.71
09X241,Urban Assembly School for Applied Math and Science,334,0.72,0.74,0.69,0.82,0.93,0.9,2.6,2.78,0.114,0.296,0,0.9,0.117,0.802,0,0.32,0.668,0.006,0.9,0.518,0.852,0.436,0.969,0.709,0.71
09X250,Eximius College Preparatory Academy: A College Boa,430,0.88,0.9,0.82,0.94,0.92,0.89,2.77,2.52,0.086,0.256,0,0.87,0.147,0.772,0.009,0.321,0.653,0,7.9,0.667,0.885,0.394,0.964,0.476,0.8
09X252,Mott Hall Bronx High School,379,0.67,0.73,0.64,0.82,0.89,0.86,2.68,2.47,0.111,0.227,0.003,0.9,0.127,0.805,0,0.261,0.715,0.011,7.7,0.643,0.836,0.495,0.965,0.548,0.81
09X260,Bronx Center for Science and Mathematics,448,0.84,0.88,0.79,0.91,0.86,0.95,3.05,2.97,0.058,0.234,0.038,0.83,0.112,0.719,0.067,0.205,0.676,0.029,14.1,0.844,0.911,0.281,0.97,0.726,0.9
09X263,Validus Preparatory Academy,361,0.75,0.8,0.69,0.86,0.84,0.88,2.53,2.28,0.152,0.277,0.055,0.92,0.205,0.856,0.006,0.316,0.665,0.006,5,0.846,0.833,0.523,0.972,0.484,0.69
09X297,Morris Academy for Collaborative Studies,409,0.89,0.94,0.81,0.98,0.91,0.95,2.54,2.25,0.171,0.279,0.029,0.91,0.156,0.814,0.017,0.269,0.694,0.017,6.6,0.676,0.852,0.392,0.967,0.401,0.81
09X324,Bronx Early College Academy for Teaching & Learnin,272,0.83,0.86,0.7,0.88,0.91,0.91,3.07,2.87,0.074,0.154,0,0.87,0.107,0.776,0.044,0.268,0.662,0.015,7.9,0.583,0.9,0.264,0.966,0.666,1
09X327,Comprehensive Model School Project M.S. 327,433,0.85,0.85,0.77,0.91,0.87,0.92,2.88,3.09,0.115,0.293,0.092,0.91,0.152,0.822,0.002,0.206,0.778,0.014,4.9,0.769,0.855,0.513,0.964,0.593,0.88
09X329,DreamYard Preparatory School,271,0.87,0.91,0.73,0.95,0.95,0.93,2.5,2.27,0.225,0.247,0.004,0.95,0.269,0.856,0.007,0.273,0.694,0.018,7.2,0.652,0.846,0.477,0.965,0.423,0.71
09X365,Academy for Language and Technology,324,0.94,0.86,0.95,0.94,0.96,0.96,1.93,2.12,0.731,0.071,0,0.99,0.645,0.821,0,0,1,0,5.7,0.32,0.89,0.359,0.975,0.632,0.99
09X403,Bronx International High School,418,0.87,0.87,0.81,0.88,0.81,0.91,1.84,1.97,0.914,0.038,0,0.99,0.383,0.804,0.029,0.127,0.809,0.031,13.1,0.774,0.796,0.549,0.936,0.469,0.76
09X404,School for Excellence,326,0.71,0.75,0.65,0.88,0.86,0.87,2.33,2.04,0.27,0.279,0,0.92,0.221,0.862,0.009,0.285,0.681,0.012,2.7,0.957,0.737,0.653,0.963,0.316,0.62
09X412,Bronx High School of Business,275,0.77,0.83,0.71,0.86,0.88,0.9,2.36,2.09,0.382,0.229,0.018,0.96,0.269,0.873,0.022,0.2,0.738,0.022,2.7,0.577,0.83,0.423,0.957,0.352,0.67
09X413,Bronx High School for Medical Science,267,0.8,0.9,0.7,0.91,0.96,0.93,3.06,2.98,0.079,0.199,0.079,0.89,0.071,0.809,0.071,0.243,0.637,0.026,17.1,0.706,0.925,0.212,0.974,0.712,0.85
09X505,"Bronx School for Law, Government and Justice",477,0.75,0.69,0.64,0.79,0.82,0.82,3.1,2.76,0.082,0.205,0.027,0.85,0.13,0.746,0.015,0.245,0.723,0.013,4,0.7,0.895,0.348,0.962,0.588,0.82
09X517,Frederick Douglass Academy III Secondary School,408,0.82,0.8,0.78,0.86,0.85,0.89,2.35,2.08,0.203,0.257,0.007,0.92,0.265,0.846,0.012,0.434,0.522,0.017,3.7,0.625,0.766,0.605,0.973,0.398,0.72
09X525,Bronx Leadership Academy High School,565,0.71,0.68,0.58,0.74,0.85,0.81,2.39,2.08,0.198,0.271,0.028,0.94,0.211,0.858,0.005,0.296,0.667,0.014,0.4,0.442,0.792,0.6,0.954,0.333,0.62
09X543,High School for Violin and Dance,253,0.66,0.64,0.62,0.7,0.81,0.81,2.4,2.13,0.178,0.316,0.051,0.93,0.233,0.854,0.004,0.348,0.628,0.016,8.4,0.875,0.765,0.583,0.957,0.382,0.63
09X564,Claremont International HS,361,0.83,0.96,0.81,0.95,0.9,0.95,1.84,1.96,0.845,0.072,0,0.99,0.454,0.831,0.089,0.188,0.679,0.044,7.1,0.889,0.858,0.376,0.96,0.336,0.83
09X568,Young Women's Leadership School of the Bronx,285,0.82,0.89,0.68,0.92,0.87,0.89,3.07,3.06,0.046,0.186,0.004,0.8,0.049,0.681,0.028,0.358,0.572,0.011,6.9,0.61,0.893,0.36,0.96,N<15,0.95
10X141,Riverdale / Kingsbridge Academy (Middle School / H,728,0.77,0.8,0.64,0.8,0.88,0.83,2.93,2.99,0.077,0.206,0.081,0.51,0.084,0.42,0.076,0.102,0.573,0.242,12.1,0.85,0.924,0.209,0.967,0.722,0.92
10X213,Bronx Engineering and Technology Academy,377,0.79,0.64,0.61,0.6,0.88,0.74,2.57,2.44,0.188,0.244,0.003,0.87,0.18,0.753,0.045,0.284,0.639,0.024,1.2,0.929,0.788,0.525,0.955,0.42,0.72
10X225,Theatre Arts Production Company School,348,0.73,0.73,0.63,0.79,0.89,0.86,2.72,2.43,0.075,0.25,0.026,0.87,0.141,0.773,0.023,0.253,0.707,0.017,7.4,0.66,0.837,0.472,0.97,0.535,0.84
10X237,"The Marie Curie School for Medicine, Nursing, and",430,0.7,0.75,0.61,0.74,0.8,0.8,2.64,2.33,0.128,0.235,0.012,0.86,0.177,0.751,0.033,0.288,0.623,0.037,15.1,0.765,0.79,0.606,0.957,0.454,0.7
10X243,West Bronx Academy for the Future,327,0.77,0.81,0.64,0.82,0.92,0.88,2.67,2.47,0.107,0.26,0.052,0.93,0.171,0.835,0.031,0.162,0.783,0.021,15.1,0.74,0.858,0.334,0.967,0.556,0.8
10X264,Bronx Academy for Software Engineering (BASE),419,0.74,0.78,0.71,0.75,0.86,0.91,2.74,2.64,0.091,0.279,0.076,0.8,0.119,0.673,0.06,0.27,0.616,0.033,6.1,0.711,0.849,0.407,0.991,0.588,0.7
10X268,Kingsbridge International High School,491,0.82,0.9,0.74,0.94,0.89,0.92,1.83,1.96,0.872,0.045,0,0.98,0.411,0.811,0.033,0.033,0.902,0.026,2.5,0.75,0.859,0.454,0.96,0.314,0.63
10X284,Bronx School of Law and Finance,369,0.81,0.9,0.69,0.94,0.84,0.93,2.55,2.34,0.217,0.214,0.024,0.89,0.206,0.799,0.011,0.22,0.724,0.033,7.1,0.92,0.786,0.604,0.955,0.617,0.79
10X342,International School for Liberal Arts,371,0.85,0.84,0.81,0.89,0.91,0.88,2.29,2.23,0.687,0.081,0,0.98,0.375,0.814,0,0.003,0.997,0,7.4,0.773,0.907,0.268,0.975,0.426,0.65
10X351,Bronx Collaborative High School,587,0.8,0.74,0.69,0.76,0.91,0.85,2.7,2.44,0.191,0.23,0.002,0.86,0.191,0.77,0.034,0.288,0.63,0.034,6.1,0.614,0.757,0.659,0.959,0.358,0.7
10X353,World View High School,551,0.85,0.9,0.84,0.91,0.92,0.92,2.75,2.6,0.25,0.18,0,0.81,0.167,0.695,0.011,0.232,0.717,0.007,5.4,0.533,0.912,0.288,0.998,0.529,0.93
10X368,In-Tech Academy (M.S. / High School 368),542,0.81,0.78,0.69,0.8,0.87,0.84,2.92,2.57,0.127,0.232,0.039,0.78,0.09,0.69,0.05,0.09,0.793,0.048,4.1,0.886,0.917,0.27,0.962,0.61,0.91
10X374,Knowledge and Power Preparatory Academy Internatio,464,0.85,0.86,0.78,0.87,0.92,0.93,2.84,2.68,0.11,0.25,0.017,0.85,0.123,0.761,0.022,0.265,0.664,0.028,12,0.692,0.85,0.448,0.965,0.612,0.88
10X433,High School for Teaching and the Professions,414,0.82,0.9,0.69,0.94,0.87,0.92,2.55,2.34,0.263,0.237,0.005,0.93,0.242,0.821,0.027,0.145,0.771,0.046,0.6,0.906,0.849,0.481,0.95,0.434,0.82
10X434,Belmont Preparatory High School,390,0.84,0.9,0.74,0.92,0.85,0.92,2.7,2.53,0.121,0.233,0.038,0.85,0.123,0.764,0.046,0.218,0.71,0.013,12.1,0.862,0.889,0.287,0.97,0.694,0.83
10X437,Fordham High School for the Arts,319,0.86,0.86,0.77,0.9,0.89,0.85,3.05,2.81,0.038,0.223,0.006,0.81,0.1,0.702,0.016,0.398,0.555,0.022,15.1,0.382,0.911,0.253,0.98,0.697,0.95
10X438,Fordham Leadership Academy,352,0.79,0.83,0.68,0.84,0.87,0.87,2.52,2.26,0.199,0.241,0.003,0.9,0.159,0.798,0.028,0.256,0.696,0.014,4.1,0.303,0.944,0.139,0.97,0.338,0.85
10X439,Bronx High School for Law and Community Service,402,0.82,0.9,0.73,0.93,0.9,0.9,2.75,2.46,0.129,0.256,0.032,0.88,0.152,0.813,0.012,0.274,0.667,0.025,8.9,0.818,0.873,0.421,0.964,0.529,0.95
10X440,DeWitt Clinton High School,1119,0.76,0.81,0.68,0.8,0.83,0.87,2.76,2.53,0.148,0.189,0.018,0.84,0.171,0.737,0.106,0.318,0.52,0.032,2.5,0.37,0.821,0.479,0.968,0.367,0.78
10X442,"Celia Cruz Bronx High School of Music, The",421,0.81,0.8,0.74,0.84,0.9,0.88,2.97,2.74,0.057,0.238,0,0.78,0.116,0.677,0.014,0.266,0.66,0.014,6.4,0.862,0.916,0.286,0.954,0.714,0.97
10X445,The Bronx High School of Science,3016,0.86,0.85,0.8,0.91,0.88,0.91,4.1,4.33,0,0.015,0,0.39,0.015,0.294,0.648,0.027,0.071,0.222,5.9,0.897,0.967,0.076,0.965,0.967,1
10X477,Marble Hill High School for International Studies,448,0.85,0.83,0.84,0.87,0.88,0.92,2.89,2.9,0.297,0.134,0,0.86,0.205,0.725,0.138,0.15,0.65,0.047,11.9,0.839,0.93,0.193,0.966,0.684,0.96
10X524,Crotona International High School,333,0.83,0.78,0.89,0.77,0.94,0.89,1.73,1.85,0.958,0.054,0,0.99,0.393,0.778,0.045,0.06,0.877,0.018,3.9,0.346,0.884,0.264,0.968,0.264,0.73
10X546,Bronx Theatre High School,347,0.78,0.59,0.65,0.57,0.76,0.7,2.61,2.18,0.058,0.233,0.012,0.91,0.196,0.816,0.012,0.323,0.622,0.026,1.9,0.75,0.804,0.565,0.974,0.442,0.84
10X549,Discovery High School,489,0.86,0.91,0.71,0.98,0.96,0.93,2.55,2.31,0.254,0.252,0.006,0.91,0.192,0.8,0.045,0.166,0.763,0.022,12.1,0.667,0.891,0.256,0.978,0.447,0.83
10X565,High School for Energy and Technology,406,0.78,0.8,0.73,0.88,0.87,0.84,2.56,2.35,0.143,0.271,0.022,0.89,0.18,0.793,0.039,0.239,0.702,0.012,3.7,0.625,0.831,0.51,0.967,0.371,0.74
10X696,High School of American Studies at Lehman College,411,0.89,0.87,0.84,0.9,0.85,0.92,4.09,4.26,0,0.027,0.002,0.26,0.019,0.168,0.219,0.039,0.105,0.586,12.9,0.96,0.961,0.09,0.967,0.97,1
11X249,Bronx Health Sciences High School,295,0.79,0.82,0.68,0.87,0.87,0.84,2.84,2.64,0.047,0.115,0.003,0.71,0.112,0.59,0.064,0.556,0.322,0.037,15.1,0.789,0.944,0.164,0.985,0.804,1
11X253,Bronx High School for Writing and Communication Ar,317,0.86,0.93,0.82,0.96,0.92,0.95,2.54,2.23,0.155,0.237,0,0.82,0.174,0.688,0.047,0.476,0.442,0.022,8,0.652,0.842,0.395,0.977,0.29,0.71
11X265,Bronx Lab School,371,0.81,0.87,0.72,0.9,0.92,0.91,2.52,2.25,0.154,0.305,0.059,0.9,0.181,0.825,0.027,0.348,0.563,0.032,5.6,0.774,0.806,0.49,0.956,0.362,0.76
11X270,Academy for Scholarship and Entrepreneurship: A Co,368,0.76,0.82,0.64,0.9,0.94,0.88,2.53,2.24,0.052,0.226,0.035,0.78,0.163,0.696,0.016,0.641,0.304,0.019,14.1,0.778,0.84,0.497,0.95,0.375,0.7
11X275,High School of Computers and Technology,542,0.78,0.85,0.66,0.89,0.79,0.88,2.72,2.56,0.081,0.258,0.03,0.84,0.168,0.734,0.081,0.352,0.535,0.015,1.4,0.838,0.871,0.323,0.955,0.398,0.83
11X288,Collegiate Institute for Math and Science,607,0.78,0.82,0.66,0.88,0.85,0.83,3.19,3.12,0.033,0.181,0.015,0.72,0.064,0.603,0.114,0.343,0.404,0.119,5,0.794,0.888,0.285,0.964,0.637,0.9
11X290,Bronx Academy of Health Careers,359,0.78,0.8,0.6,0.9,0.97,0.88,2.61,2.29,0.131,0.214,0,0.86,0.223,0.744,0.039,0.418,0.518,0.011,6.9,0.815,0.9,0.326,0.969,0.505,0.85
11X299,Astor Collegiate Academy,500,0.8,0.77,0.64,0.75,0.87,0.82,2.75,2.56,0.076,0.23,0.012,0.75,0.102,0.636,0.08,0.276,0.49,0.122,8.7,0.7,0.838,0.425,0.972,0.551,0.72
11X418,Bronx High School for the Visual Arts,461,0.69,0.71,0.64,0.73,0.87,0.81,2.69,2.33,0.061,0.291,0,0.79,0.121,0.685,0.037,0.269,0.588,0.095,4.1,0.743,0.835,0.516,0.957,0.366,0.76
11X455,Harry S Truman High School,2081,0.83,0.86,0.67,0.9,0.84,0.9,2.62,2.3,0.084,0.254,0.11,0.76,0.159,0.665,0.032,0.5,0.42,0.031,5.9,0.79,0.89,0.253,0.965,0.421,0.74
11X508,Bronxdale High School,459,0.84,0.95,0.78,0.96,0.89,0.95,2.81,2.53,0.068,0.233,0.002,0.76,0.113,0.643,0.05,0.281,0.571,0.083,7.2,0.59,0.846,0.514,0.963,0.473,0.81
11X509,High School of Language and Innovation,379,0.78,0.89,0.78,0.87,0.82,0.87,2.03,2.17,0.802,0.045,0.005,0.98,0.269,0.815,0.201,0.058,0.538,0.187,8.1,0.563,0.902,0.338,0.973,0.494,0.83
11X513,New World High School,381,0.83,0.89,0.79,0.9,0.85,0.91,2.1,2.15,0.688,0.068,0.003,0.94,0.231,0.777,0.097,0.121,0.669,0.11,1.8,0.68,0.898,0.288,0.975,0.598,0.84
11X514,The Bronxwood Preparatory Academy,360,0.76,0.93,0.68,0.94,0.89,0.92,2.57,2.15,0.097,0.219,0.006,0.75,0.131,0.653,0.039,0.633,0.261,0.036,14.1,0.731,0.906,0.291,0.956,0.394,0.63
11X542,Pelham Preparatory Academy,511,0.75,0.8,0.71,0.78,0.87,0.83,2.89,2.61,0.061,0.245,0.002,0.74,0.106,0.63,0.074,0.254,0.55,0.104,3,0.793,0.885,0.344,0.955,0.692,0.86
11X544,High School for Contemporary Arts,395,0.84,0.92,0.71,0.93,0.91,0.9,2.52,2.19,0.172,0.253,0.066,0.88,0.182,0.765,0.018,0.395,0.542,0.035,3.7,0.893,0.859,0.387,0.964,0.301,0.82
11X545,Bronx Aerospace High School,322,0.79,0.79,0.58,0.79,0.86,0.8,2.43,2.16,0.18,0.267,0.012,0.87,0.227,0.767,0.053,0.376,0.525,0.022,5,0.87,0.76,0.674,0.959,0.344,0.66
12X242,Mott Hall V,372,0.73,0.74,0.76,0.76,0.88,0.84,2.73,2.41,0.099,0.28,0.083,0.87,0.075,0.78,0.051,0.161,0.782,0.005,14.1,0.719,0.884,0.418,0.968,0.602,0.85
12X248,"Metropolitan High School, The",356,0.59,0.65,0.61,0.72,0.81,0.76,2.35,2.12,0.225,0.303,0.034,0.94,0.239,0.851,0.011,0.236,0.725,0.017,1.9,0.632,0.777,0.635,0.968,0.258,0.59
12X251,Explorations Academy H.S.,326,0.71,0.54,0.69,0.57,0.87,0.77,2.42,2.25,0.218,0.245,0.006,0.92,0.202,0.819,0.015,0.279,0.69,0.006,12,0.667,0.821,0.522,0.958,0.313,0.65
12X267,Bronx Latin,338,0.8,0.8,0.68,0.81,0.91,0.86,2.67,2.6,0.121,0.237,0,0.89,0.077,0.808,0.015,0.198,0.772,0.012,6.9,0.519,0.889,0.299,0.965,0.582,0.9
12X271,East Bronx Academy for the Future,388,0.82,0.86,0.69,0.9,0.91,0.9,2.53,2.31,0.16,0.309,0.095,0.93,0.17,0.858,0.021,0.255,0.693,0.015,15.1,0.672,0.83,0.478,0.945,0.361,0.75
12X388,Pan American International High School at Monroe,444,0.91,0.94,0.91,0.96,0.92,0.93,1.77,1.86,0.878,0.032,0.002,0.98,0.329,0.723,0,0.005,0.993,0,11.1,0.722,0.875,0.405,0.982,0.291,0.84
12X478,The Cinema School,317,0.77,0.84,0.65,0.84,0.85,0.87,3.05,2.85,0.047,0.189,0.003,0.85,0.12,0.726,0.016,0.161,0.729,0.035,5.9,0.5,0.888,0.376,0.972,0.691,0.99
12X479,Bronx Career and College Preparatory High School,268,0.69,0.71,0.65,0.89,0.87,0.84,2.48,2.23,0.239,0.287,0.019,0.93,0.239,0.851,0.026,0.358,0.593,0.004,4,0.7,0.806,0.566,0.955,0.207,0.58
12X511,Bronx Envision Academy,418,0.8,0.89,0.69,0.93,0.89,0.91,2.61,2.24,0.167,0.242,0,0.9,0.199,0.792,0.022,0.337,0.61,0.017,8.1,0.686,0.847,0.491,0.963,0.427,0.75
12X521,The Metropolitan Soundview High School,423,0.8,0.84,0.69,0.92,0.91,0.89,2.47,2.2,0.156,0.239,0.019,0.89,0.144,0.783,0.026,0.232,0.719,0.017,3.9,0.694,0.816,0.551,0.962,0.378,0.72
12X550,High School of World Cultures,459,0.85,0.91,0.8,0.91,0.93,0.91,2.06,2.06,0.797,0.044,0,0.98,0.235,0.804,0.094,0.089,0.758,0.046,15.9,0.485,0.855,0.425,0.974,0.154,0.57
12X682,Fannie Lou Hamer Freedom High School,471,0.85,0.95,0.79,0.98,0.97,0.97,2.41,2.1,0.127,0.318,0.085,0.91,0.187,0.83,0.008,0.282,0.677,0.013,4.9,0.829,0.789,0.619,0.979,0.339,0.74
12X684,Wings Academy,463,0.71,0.7,0.56,0.84,0.83,0.82,2.37,2.07,0.05,0.302,0.035,0.92,0.184,0.86,0.004,0.562,0.397,0.015,5.6,0.848,0.777,0.627,0.962,0.28,0.63
13K265,Dr. Susan S. McKinney Secondary School of the Arts,223,0.78,0.8,0.67,0.85,0.94,0.89,2.69,2.26,0.022,0.229,0.013,0.88,0.148,0.798,0.018,0.726,0.229,0.009,4.9,1,0.779,0.548,0.959,0.299,0.69
13K350,Urban Assembly School for Music and Art,207,0.92,0.98,0.82,0.97,0.96,0.94,2.75,2.36,0.043,0.237,0,0.84,0.145,0.768,0.005,0.739,0.227,0.019,14.1,0.533,0.809,0.526,0.968,0.469,0.86
13K412,Brooklyn Community Arts & Media High School (BCAM),421,0.82,0.83,0.7,0.9,0.91,0.89,2.72,2.32,0.036,0.266,0.002,0.81,0.138,0.732,0.01,0.696,0.276,0.007,13.1,0.742,0.841,0.46,0.985,0.339,0.84
13K419,"Science Skills Center High School for Science, Tec",570,0.75,0.75,0.64,0.79,0.9,0.78,2.96,2.84,0.033,0.144,0,0.75,0.114,0.625,0.081,0.667,0.177,0.042,7.2,0.765,0.918,0.273,0.972,0.574,0.96
13K430,Brooklyn Technical High School,5937,0.8,0.74,0.76,0.78,0.74,0.86,4.03,4.27,0,0.013,0,0.52,0.033,0.408,0.607,0.058,0.071,0.245,2.5,0.89,0.955,0.106,0.967,0.897,0.97
13K439,Brooklyn International High School,359,0.86,0.89,0.82,0.87,0.87,0.94,1.99,2.26,0.763,0.033,0,0.95,0.148,0.777,0.251,0.206,0.435,0.109,4.9,0.885,0.907,0.312,0.981,0.545,0.74
13K483,The Urban Assembly School for Law and Justice,435,0.83,0.84,0.71,0.93,0.91,0.91,2.88,2.6,0.021,0.172,0.005,0.69,0.094,0.579,0.025,0.667,0.267,0.018,2,0.833,0.884,0.385,0.976,0.751,0.95
13K499,ACORN Community High School,150,0.59,0.93,0.72,0.9,0.9,0.94,2.58,2.28,0.047,0.273,0.013,0.85,0.14,0.793,0.033,0.787,0.133,0.027,9,1,0.701,0.711,0.961,0.392,0.73
13K527,Urban Assembly Institute of Math and Science for Y,295,0.78,0.86,0.68,0.91,0.91,0.9,2.79,2.5,0.081,0.173,0.003,0.8,0.068,0.702,0.088,0.586,0.166,0.139,8.9,0.639,0.849,0.507,0.97,0.631,0.9
13K594,Gotham Professional Arts Academy,178,0.83,0.9,0.74,0.95,0.89,0.91,2.56,2.28,0.039,0.36,0,0.86,0.23,0.758,0.006,0.775,0.208,0.006,0.7,0.867,0.804,0.564,0.984,0.404,0.75
13K595,Bedford Academy High School,363,0.87,0.83,0.8,0.92,0.92,0.91,3.33,3.29,0.011,0.138,0.003,0.62,0.061,0.49,0.039,0.785,0.085,0.036,9.2,0.952,0.921,0.197,0.974,0.687,0.99
13K605,George Westinghouse Career and Technical Education,776,0.7,0.62,0.57,0.71,0.85,0.81,2.75,2.63,0.023,0.174,0.017,0.75,0.095,0.642,0.04,0.683,0.235,0.017,1.9,0.623,0.884,0.368,0.97,0.307,0.92
13K670,Benjamin Banneker Academy,810,0.82,0.82,0.71,0.87,0.9,0.89,3.26,3.17,0.015,0.146,0.021,0.67,0.078,0.535,0.053,0.799,0.111,0.009,3,0.796,0.889,0.367,0.964,0.733,0.98
13K674,"City Polytechnic High School of Engineering, Archi",426,0.69,0.64,0.65,0.79,0.85,0.86,2.98,3,0.016,0.19,0,0.63,0.063,0.509,0.054,0.655,0.214,0.061,1.2,0.759,0.909,0.275,0.97,0.4,0.86
14K071,Juan Morel Campos Secondary School,329,0.84,0.81,0.78,0.84,0.97,0.9,2.33,2.14,0.304,0.307,0.079,0.92,0.191,0.842,0.015,0.14,0.769,0.064,2.7,0.767,0.866,0.399,0.961,0.326,0.6
14K449,"Brooklyn Latin School, The",698,0.88,0.79,0.78,0.79,0.8,0.88,3.95,4.18,0,0.023,0,0.56,0.044,0.43,0.547,0.122,0.12,0.13,6.1,1,0.936,0.255,0.968,0.931,0.97
14K454,The Williamsburg High School of Art and Technology,302,0.81,0.87,0.74,0.93,0.89,0.92,2.58,2.42,0.238,0.252,0.013,0.83,0.185,0.715,0.033,0.225,0.675,0.053,7.5,0.833,0.851,0.484,0.966,0.281,0.82
14K474,PROGRESS High School for Professional Careers,674,0.7,0.71,0.66,0.74,0.88,0.8,2.58,2.34,0.206,0.212,0.03,0.88,0.141,0.777,0.006,0.273,0.688,0.012,0.5,0.705,0.781,0.528,0.96,0.303,0.76
14K477,East Williamsburg Scholars Academy,304,0.79,0.88,0.73,0.85,0.94,0.9,2.51,2.22,0.329,0.217,0.007,0.89,0.207,0.727,0.007,0.355,0.615,0.01,5.4,0.957,0.73,0.602,0.963,0.163,0.74
14K478,"The High School for Enterprise, Business and Techn",831,0.75,0.69,0.65,0.66,0.84,0.77,2.73,2.56,0.119,0.162,0.001,0.83,0.111,0.732,0.058,0.303,0.613,0.019,8.9,0.939,0.85,0.42,0.959,0.445,0.81
14K488,Brooklyn Preparatory High School,527,0.83,0.89,0.76,0.94,0.91,0.95,2.93,2.72,0.021,0.188,0.011,0.76,0.112,0.645,0.009,0.433,0.528,0.015,9,0.743,0.838,0.465,0.964,0.605,0.93
14K558,Williamsburg High School for Architecture and Desi,580,0.84,0.85,0.8,0.89,0.87,0.89,2.84,2.69,0.031,0.222,0.012,0.71,0.088,0.602,0.022,0.284,0.61,0.064,10.6,0.857,0.924,0.176,0.981,0.419,0.98
14K561,Williamsburg Preparatory School,682,0.83,0.85,0.76,0.88,0.9,0.94,2.87,2.66,0.047,0.211,0.006,0.79,0.072,0.692,0.031,0.157,0.704,0.092,8.6,0.911,0.903,0.292,0.972,0.643,0.96
14K586,Lyons Community School,298,0.8,0.84,0.68,0.88,0.94,0.92,2.45,2.14,0.128,0.242,0,0.9,0.164,0.829,0,0.302,0.658,0.034,12.1,0.786,0.788,0.533,0.969,0.483,0.72
14K610,Automotive High School,329,0.67,0.51,0.64,0.6,0.89,0.74,2.44,2.29,0.064,0.34,0.046,0.81,0.109,0.726,0.03,0.492,0.419,0.027,1,0.811,0.835,0.472,0.953,0.186,0.7
14K614,Young Women's Leadership School of Brooklyn,225,0.81,0.88,0.71,0.92,0.8,0.82,2.83,2.58,0.111,0.156,0.009,0.8,0.111,0.711,0.044,0.427,0.427,0.067,2.9,0.742,0.86,0.424,0.962,0.83,0.97
14K685,El Puente Academy for Peace and Justice,224,0.87,0.94,0.78,0.99,0.93,0.96,2.46,2.2,0.183,0.263,0.004,0.89,0.143,0.835,0.004,0.049,0.924,0.004,8,0.813,0.817,0.661,0.982,0.263,0.79
15K429,Digital Arts and Cinema Technology High School,246,0.78,0.81,0.7,0.87,0.86,0.86,2.85,2.67,0.004,0.215,0,0.76,0.049,0.667,0.037,0.545,0.35,0.053,5.8,0.7,0.906,0.32,0.977,0.5,0.98
15K448,Brooklyn Collaborative Studies,389,0.78,0.84,0.67,0.86,0.93,0.89,2.98,2.63,0.062,0.262,0.003,0.71,0.069,0.578,0.031,0.393,0.478,0.075,5,0.918,0.863,0.471,0.966,0.692,0.91
15K462,John Jay School for Law,436,0.71,0.68,0.62,0.69,0.78,0.77,2.85,2.55,0.032,0.188,0.002,0.76,0.115,0.661,0.023,0.626,0.294,0.028,2.1,0.576,0.843,0.466,0.972,0.557,0.91
15K463,Secondary School for Journalism,268,0.6,0.82,0.61,0.97,0.88,0.88,2.77,2.43,0.142,0.201,0.004,0.81,0.116,0.69,0.067,0.459,0.373,0.086,0.6,0.933,0.813,0.55,0.952,0.385,0.67
15K464,Park Slope Collegiate,440,0.7,0.68,0.62,0.77,0.86,0.82,2.8,2.64,0.073,0.207,0.007,0.71,0.068,0.611,0.043,0.382,0.457,0.093,15.1,0.736,0.845,0.474,0.963,0.348,0.86
15K497,The Boerum Hill School for International Studies,286,0.78,0.8,0.67,0.83,0.87,0.87,2.79,2.58,0.108,0.22,0.003,0.67,0.087,0.577,0.056,0.406,0.29,0.182,2,0.528,0.813,0.466,0.963,0.5,0.73
15K519,Cobble Hill School of American Studies,582,0.81,0.79,0.7,0.82,0.93,0.82,2.78,2.41,0.113,0.189,0.002,0.83,0.162,0.729,0.034,0.62,0.29,0.027,8.9,0.595,0.802,0.43,0.964,0.417,0.87
15K592,Khalil Gibran International Academy,226,0.75,0.67,0.71,0.81,0.84,0.89,2.6,2.52,0.372,0.181,0.004,0.86,0.119,0.792,0.177,0.358,0.08,0.314,7.9,0.6,0.831,0.498,0.965,0.423,0.56
15K656,Brooklyn High School of the Arts,939,0.83,0.91,0.72,0.93,0.91,0.93,3.15,2.81,0.011,0.176,0.05,0.66,0.073,0.534,0.034,0.653,0.213,0.048,3,0.723,0.892,0.344,0.966,0.62,0.91
15K667,Sunset Park High School,1216,0.71,0.61,0.7,0.63,0.85,0.78,2.66,2.55,0.219,0.204,0.025,0.86,0.086,0.754,0.099,0.075,0.74,0.081,4.9,0.704,0.85,0.426,0.956,0.528,0.83
15K684,Millennium Brooklyn HS,675,0.91,0.93,0.87,0.94,0.86,0.95,3.8,3.85,0.003,0.151,0,0.4,0.016,0.289,0.127,0.166,0.197,0.444,4,0.852,0.958,0.081,0.97,0.873,0.99
16K455,Boys and Girls High School,439,0.82,0.82,0.7,0.81,0.9,0.85,2.47,2.23,0.062,0.285,0.084,0.86,0.153,0.781,0.014,0.82,0.114,0.021,3,0.765,0.816,0.443,0.963,0.231,0.75
16K498,Brooklyn High School for Law and Technology,589,0.76,0.78,0.66,0.83,0.86,0.87,2.7,2.48,0.061,0.221,0.041,0.81,0.136,0.723,0.039,0.633,0.287,0.019,4,0.703,0.808,0.472,0.967,0.46,0.79
16K688,The Brooklyn Academy of Global Finance,105,0.78,0.84,0.69,0.9,0.9,0.92,2.4,2.14,0.143,0.267,0,0.92,0.2,0.867,0.076,0.714,0.162,0.029,6.9,0.636,0.849,0.44,0.954,0.229,0.74
16K765,Nelson Mandela High School,252,0.76,0.63,0.63,0.81,0.91,0.79,2.45,2.21,0.008,0.317,0.075,0.85,0.179,0.746,0.016,0.829,0.107,0.008,5.1,0.882,0.735,0.711,0.97,N<15,0.81
17K122,Pathways in Technology Early College High School (,581,0.77,0.79,0.75,0.82,0.9,0.9,2.85,2.65,0.022,0.174,0,0.66,0.081,0.535,0.017,0.824,0.119,0.009,8.1,0.853,0.911,0.215,0.969,0.299,0.77
17K382,Academy for College Preparation and Career Explora,230,0.78,0.86,0.68,0.9,0.87,0.86,2.58,2.25,0.178,0.17,0,0.79,0.161,0.665,0,0.83,0.1,0.022,2.5,0.773,0.852,0.425,0.991,0.359,0.79
17K408,Academy of Hospitality and Tourism,196,0.75,0.81,0.75,0.88,0.79,0.89,2.59,2.28,0.204,0.214,0,0.85,0.153,0.73,0.005,0.816,0.138,0.036,3.4,0.6,0.84,0.384,0.984,0.433,0.91
17K524,International High School at Prospect Heights,368,0.84,0.91,0.81,0.91,0.95,0.93,1.92,2.06,0.878,0.052,0.003,0.95,0.228,0.774,0.163,0.236,0.497,0.084,9.4,0.793,0.881,0.297,0.976,0.333,0.57
17K528,The High School for Global Citizenship,213,0.79,0.84,0.74,0.79,0.88,0.8,2.71,2.54,0.155,0.164,0,0.78,0.169,0.648,0.042,0.728,0.188,0.028,9,0.462,0.863,0.434,0.956,0.407,0.84
17K531,"School for Human Rights, The",330,0.81,0.82,0.7,0.87,0.88,0.88,2.71,2.36,0.082,0.191,0,0.76,0.127,0.636,0.021,0.87,0.085,0.012,12.1,1,0.89,0.282,0.969,0.448,0.83
17K537,High School for Youth and Community Development at,467,0.77,0.88,0.72,0.92,0.88,0.91,2.61,2.28,0.088,0.255,0.006,0.78,0.161,0.662,0.039,0.784,0.143,0.024,14.4,0.783,0.861,0.382,0.946,0.333,0.83
17K539,High School for Service & Learning at Erasmus,297,0.7,0.73,0.63,0.8,0.94,0.84,2.65,2.34,0.148,0.215,0.003,0.82,0.104,0.704,0.03,0.761,0.165,0.027,3.1,0.7,0.839,0.408,0.974,0.402,0.79
17K543,"Science, Technology and Research Early College Hig",356,0.93,0.91,0.82,0.95,0.99,0.93,3.38,3.38,0.011,0.135,0,0.57,0.042,0.455,0.039,0.795,0.126,0.011,11,0.788,0.964,0.089,0.986,0.847,1
17K546,High School for Public Service: Heroes of Tomorrow,462,0.79,0.87,0.7,0.89,0.89,0.92,3.14,2.88,0.015,0.175,0.05,0.73,0.104,0.621,0.037,0.771,0.158,0.013,6.5,0.793,0.922,0.208,0.967,0.86,0.88
17K547,Brooklyn Academy of Science and the Environment,382,0.68,0.73,0.67,0.8,0.86,0.86,2.72,2.6,0.058,0.162,0.003,0.76,0.131,0.654,0.039,0.804,0.115,0.031,2.1,0.952,0.904,0.247,0.978,0.495,0.74
17K548,Brooklyn School for Music & Theatre,296,0.78,0.88,0.67,0.92,0.82,0.9,2.63,2.28,0.027,0.223,0.024,0.82,0.199,0.764,0.003,0.777,0.199,0.017,12,0.682,0.835,0.458,0.952,0.427,0.79
17K590,Medgar Evers College Preparatory School,897,0.81,0.83,0.59,0.91,0.96,0.87,3.64,3.63,0.006,0.088,0.003,0.55,0.064,0.415,0.025,0.871,0.056,0.01,17.9,0.855,0.932,0.211,0.965,0.742,0.96
17K600,Clara Barton High School,1200,0.73,0.77,0.6,0.8,0.83,0.83,2.85,2.56,0.078,0.181,0.073,0.72,0.108,0.592,0.014,0.892,0.073,0.009,12.5,0.857,0.87,0.371,0.957,0.523,0.81
17K745,Brooklyn Institute for Liberal Arts,415,0.8,0.85,0.71,0.89,0.89,0.88,2.8,2.52,0.046,0.207,0.002,0.71,0.149,0.576,0.017,0.87,0.104,0.002,7.1,0.407,0.911,0.261,0.976,0.529,0.92
17K751,Academy for Health Careers,301,0.81,0.77,0.66,0.83,0.87,0.83,2.8,2.5,0.037,0.143,0.037,0.82,0.156,0.724,0.047,0.771,0.14,0.017,9.1,0.926,0.864,0.46,0.992,0.513,0.8
18K563,It Takes a Village Academy,659,0.7,0.64,0.63,0.62,0.82,0.71,2.83,2.64,0.176,0.152,0.021,0.76,0.096,0.624,0.018,0.891,0.067,0.011,1.6,0.74,0.9,0.301,0.975,0.47,0.87
18K566,Brooklyn Generation School,189,0.77,0.8,0.7,0.89,0.91,0.9,2.58,2.16,0.122,0.238,0.005,0.75,0.116,0.64,0.005,0.81,0.122,0.048,1.6,0.95,0.899,0.23,0.968,0.459,0.77
18K567,Brooklyn Theatre Arts High School,350,0.71,0.8,0.62,0.81,0.86,0.84,2.59,2.29,0.023,0.174,0.006,0.79,0.109,0.706,0.023,0.837,0.103,0.02,6.9,0.722,0.81,0.565,0.955,0.364,0.85
18K569,Kurt Hahn Expeditionary Learning School,294,0.65,0.7,0.68,0.78,0.87,0.83,2.51,2.19,0.071,0.289,0.02,0.75,0.116,0.66,0.007,0.891,0.065,0.017,4.9,0.808,0.87,0.402,0.96,0.471,0.75
18K576,Victory Collegiate High School,341,0.71,0.7,0.66,0.81,0.87,0.89,2.55,2.32,0.067,0.255,0.009,0.77,0.106,0.683,0.018,0.824,0.106,0.041,3.3,0.75,0.854,0.523,0.966,0.379,0.79
18K617,High School for Innovation in Advertising and Medi,240,0.74,0.8,0.7,0.7,0.95,0.9,2.54,2.39,0.092,0.225,0.054,0.72,0.075,0.629,0.017,0.808,0.117,0.046,11.1,0.5,0.828,0.549,0.974,0.375,0.84
18K629,Cultural Academy for the Arts and Sciences,282,0.75,0.72,0.69,0.79,0.87,0.85,2.53,2.31,0.117,0.22,0.014,0.74,0.11,0.638,0.014,0.84,0.096,0.025,2.9,0.727,0.853,0.42,0.961,0.382,0.71
18K633,High School for Medical Professions,460,0.77,0.77,0.7,0.83,0.97,0.87,2.88,2.65,0.043,0.152,0.002,0.71,0.089,0.598,0.03,0.789,0.13,0.037,5.9,0.75,0.894,0.351,0.96,0.768,0.89
18K637,Academy for Conservation and the Environment,300,0.85,0.93,0.73,0.95,0.94,0.95,2.65,2.4,0.133,0.177,0.003,0.77,0.16,0.673,0.06,0.753,0.097,0.063,7.9,0.478,0.858,0.413,0.982,0.563,0.87
18K642,Urban Action Academy,264,0.67,0.54,0.52,0.62,0.83,0.78,2.46,2.27,0.231,0.159,0.045,0.8,0.11,0.682,0.027,0.765,0.117,0.091,1,0.882,0.786,0.612,0.927,0.463,0.65
19K404,Academy for Young Writers,336,0.78,0.75,0.68,0.77,0.93,0.83,2.89,2.39,0.039,0.196,0.003,0.79,0.11,0.693,0.006,0.705,0.265,0.015,2.9,0.771,0.873,0.449,0.951,0.699,0.92
19K409,East New York Family Academy,289,0.86,0.86,0.72,0.89,0.92,0.92,2.78,2.66,0.031,0.228,0,0.8,0.114,0.709,0.042,0.623,0.304,0.007,5.7,0.872,0.883,0.409,0.96,0.635,0.95
19K422,Spring Creek Community School,303,0.77,0.7,0.67,0.76,0.89,0.8,2.69,2.45,0.033,0.224,0.013,0.77,0.099,0.653,0.01,0.716,0.231,0.01,7.1,0.66,0.879,0.377,0.962,N<15,0.97
19K502,FDNY - Captain Vernon A. Richard High School for F,277,0.81,0.88,0.75,0.95,0.91,0.91,2.46,2.2,0.04,0.274,0.051,0.85,0.199,0.762,0.014,0.697,0.264,0.007,11.9,0.8,0.743,0.584,0.965,0.321,0.82
19K504,High School for Civil Rights,239,0.8,0.83,0.73,0.85,0.87,0.9,2.35,2.2,0.117,0.268,0,0.87,0.238,0.736,0.021,0.682,0.268,0.017,0.1,0.923,0.786,0.588,0.965,0.224,0.63
19K507,Performing Arts and Technology High School,409,0.74,0.8,0.71,0.81,0.87,0.87,2.62,2.35,0.181,0.23,0.049,0.86,0.166,0.736,0.017,0.599,0.364,0.01,6.1,0.741,0.872,0.302,0.959,0.309,0.93
19K510,World Academy for Total Community Health High Scho,250,0.78,0.88,0.7,0.92,0.84,0.9,2.54,2.27,0.152,0.212,0.004,0.88,0.304,0.788,0.04,0.704,0.216,0.02,5.8,0.789,0.766,0.621,0.977,0.242,0.74
19K583,Multicultural High School,267,0.85,0.82,0.79,0.86,0.91,0.88,1.84,1.95,0.876,0.015,0.004,0.99,0.112,0.734,0,0.019,0.981,0,7.9,0.5,0.898,0.295,0.966,0.321,0.81
19K615,Transit Tech Career and Technical Education High S,676,0.69,0.78,0.6,0.83,0.86,0.84,2.58,2.37,0.062,0.253,0.003,0.79,0.132,0.683,0.049,0.595,0.296,0.024,5.9,0.902,0.804,0.45,0.962,0.311,0.71
19K618,Academy of Innovative Technology,422,0.81,0.81,0.7,0.85,0.91,0.9,2.71,2.55,0.116,0.206,0.009,0.77,0.095,0.675,0.062,0.391,0.486,0.026,1.9,0.743,0.886,0.364,0.963,0.364,0.95
19K639,Brooklyn Lab School,430,0.78,0.85,0.69,0.89,0.9,0.9,2.48,2.26,0.353,0.202,0.007,0.88,0.144,0.758,0.116,0.233,0.574,0.053,2.9,0.793,0.831,0.483,0.966,0.326,0.71
19K659,Cypress Hills Collegiate Preparatory School,302,0.83,0.86,0.75,0.91,0.93,0.91,2.52,2.38,0.215,0.195,0,0.83,0.119,0.735,0.119,0.185,0.649,0.03,6.9,0.8,0.862,0.472,0.966,0.387,0.85
19K660,W. H. Maxwell Career and Technical Education High,376,0.81,0.88,0.71,0.92,0.89,0.92,2.46,2.21,0.088,0.33,0.016,0.89,0.184,0.822,0.024,0.646,0.29,0.021,10.9,0.939,0.767,0.583,0.956,0.279,0.83
19K683,School for Classics High School,270,0.82,0.86,0.76,0.9,0.87,0.94,2.51,2.17,0.267,0.211,0.033,0.9,0.163,0.804,0.126,0.43,0.37,0.044,0.9,0.684,0.81,0.522,0.956,0.317,0.7
19K764,The Urban Assembly School for Collaborative Health,338,0.8,0.8,0.65,0.9,0.9,0.88,2.79,2.47,0.186,0.109,0.003,0.81,0.121,0.692,0.133,0.337,0.441,0.036,3.1,0.5,0.86,0.431,0.962,N<15,0.85
20K445,New Utrecht High School,3427,0.76,0.83,0.7,0.87,0.83,0.89,2.87,3.03,0.198,0.16,0.047,0.78,0.085,0.652,0.407,0.029,0.302,0.254,11.7,0.829,0.875,0.301,0.968,0.615,0.78
20K485,High School of Telecommunication Arts and Technolo,1235,0.84,0.82,0.78,0.86,0.86,0.91,3.02,3.1,0.085,0.182,0.025,0.75,0.04,0.657,0.208,0.06,0.499,0.2,5.5,0.644,0.943,0.157,0.966,0.657,0.91
20K490,Fort Hamilton High School,4559,0.81,0.88,0.7,0.9,0.79,0.86,3.09,3.14,0.15,0.148,0.04,0.72,0.069,0.6,0.279,0.032,0.314,0.356,6.8,0.815,0.907,0.247,0.964,0.559,0.8
20K505,Franklin Delano Roosevelt High School,3214,0.73,0.7,0.67,0.69,0.77,0.78,2.79,2.82,0.333,0.143,0.053,0.87,0.131,0.721,0.383,0.099,0.338,0.171,4.1,0.822,0.854,0.355,0.958,0.493,0.69
20K609,Urban Assembly School for Criminal Justice,327,0.9,0.9,0.82,0.91,0.88,0.93,3.06,2.94,0.135,0.153,0,0.87,0.064,0.804,0.52,0.141,0.159,0.165,1.9,0.652,0.902,0.32,0.967,0.702,0.97
21K337,International High School at Lafayette,347,0.8,0.83,0.79,0.79,0.87,0.87,1.87,2.4,0.888,0.026,0,0.96,0.331,0.643,0.334,0.037,0.378,0.245,7.9,0.92,0.875,0.314,0.965,0.37,0.63
21K344,Rachel Carson High School for Coastal Studies,623,0.84,0.77,0.72,0.83,0.84,0.9,2.91,2.76,0.186,0.178,0.003,0.78,0.061,0.674,0.18,0.136,0.189,0.474,0.1,0.692,0.859,0.429,0.963,0.457,0.76
21K348,High School of Sports Management,241,0.69,0.75,0.67,0.82,0.89,0.88,2.56,2.43,0.124,0.228,0.008,0.82,0.108,0.685,0.058,0.51,0.295,0.116,1.5,0.688,0.741,0.611,0.975,0.429,0.7
21K410,Abraham Lincoln High School,1904,0.84,0.91,0.72,0.9,0.82,0.88,2.8,2.61,0.176,0.166,0.048,0.82,0.096,0.71,0.154,0.421,0.246,0.17,14.9,0.823,0.868,0.364,0.97,0.426,0.84
21K468,Kingsborough Early College School,379,0.85,0.92,0.67,0.97,0.93,0.92,3.32,3.12,0,0.172,0,0.58,0.016,0.451,0.071,0.235,0.288,0.385,4.1,0.897,0.928,0.239,0.961,0.688,0.97
21K525,Edward R. Murrow High School,3693,0.78,0.83,0.71,0.83,0.81,0.88,3.09,3.16,0.089,0.184,0.048,0.65,0.095,0.524,0.249,0.218,0.193,0.3,7.3,0.904,0.912,0.224,0.964,0.667,0.84
21K540,John Dewey High School,2203,0.8,0.81,0.72,0.83,0.78,0.87,2.88,2.95,0.177,0.129,0.032,0.8,0.09,0.692,0.308,0.314,0.229,0.128,4.1,0.69,0.919,0.195,0.967,0.611,0.79
21K559,Life Academy High School for Film and Music,286,0.65,0.67,0.57,0.82,0.74,0.74,2.76,2.56,0.098,0.245,0.007,0.79,0.105,0.685,0.115,0.311,0.416,0.143,3.8,0.8,0.838,0.481,0.964,0.385,0.91
21K572,Expeditionary Learning School for Community Leader,378,0.85,0.96,0.78,0.96,0.9,0.94,2.93,2.87,0.156,0.201,0,0.77,0.101,0.651,0.156,0.177,0.36,0.265,2.9,0.885,0.816,0.503,0.973,0.754,0.88
21K620,William E. Grady Career and Technical Education Hi,412,0.76,0.87,0.7,0.88,0.84,0.89,2.52,2.35,0.068,0.396,0.155,0.81,0.138,0.733,0.034,0.575,0.243,0.129,5.7,0.684,0.822,0.506,0.964,0.298,0.74
21K690,Brooklyn Studio Secondary School,591,0.76,0.77,0.68,0.78,0.88,0.83,2.98,2.92,0.13,0.195,0.008,0.7,0.046,0.597,0.218,0.041,0.277,0.443,8.7,0.839,0.873,0.427,0.954,0.624,0.79
22K405,Midwood High School,4156,0.79,0.69,0.72,0.73,0.8,0.78,3.51,3.57,0.027,0.116,0.023,0.64,0.075,0.533,0.351,0.283,0.127,0.214,6,0.794,0.927,0.205,0.961,0.782,0.94
22K425,James Madison High School,3797,0.81,0.84,0.7,0.88,0.91,0.87,3.11,3.09,0.137,0.155,0.043,0.65,0.067,0.539,0.203,0.152,0.17,0.467,5.9,0.777,0.935,0.136,0.965,0.752,0.82
22K535,Leon M. Goldstein High School for the Sciences,1057,0.8,0.78,0.75,0.8,0.8,0.86,3.78,3.96,0.005,0.164,0.024,0.46,0.017,0.334,0.287,0.068,0.089,0.544,6.8,0.821,0.953,0.104,0.973,0.833,0.97
22K555,Brooklyn College Academy,660,0.87,0.87,0.78,0.9,0.85,0.92,3.48,3.47,0.006,0.142,0,0.56,0.033,0.45,0.094,0.724,0.111,0.039,0.5,0.618,0.955,0.117,0.97,0.848,1
22K611,Origins High School,414,0.8,0.93,0.67,0.9,0.91,0.92,2.81,2.59,0.268,0.123,0.005,0.83,0.118,0.725,0.164,0.338,0.167,0.314,6.1,0.629,0.833,0.535,0.973,0.543,0.79
23K493,Brooklyn Collegiate: A College Board School,239,0.83,0.77,0.76,0.83,0.94,0.9,2.62,2.32,0.059,0.243,0,0.83,0.151,0.736,0.013,0.837,0.126,0.004,4.1,0.762,0.839,0.496,0.971,0.304,0.77
23K514,Frederick Douglass Academy VII High School,153,0.85,0.89,0.81,0.97,0.93,0.93,2.39,2.21,0.039,0.327,0.007,0.87,0.248,0.778,0.02,0.85,0.124,0,12.6,0.727,0.866,0.403,0.962,0.337,0.86
23K644,Eagle Academy for Young Men II,359,0.87,0.95,0.75,0.98,0.96,0.94,2.5,2.86,0.008,0.237,0,0.71,0.12,0.579,0.011,0.905,0.072,0.003,11.1,0.585,0.886,0.298,0.964,0.411,0.88
23K697,Teachers Preparatory High School,189,0.74,0.85,0.68,0.88,0.89,0.91,2.39,2.18,0.095,0.407,0.058,0.89,0.233,0.815,0.021,0.783,0.164,0.026,8.9,0.789,0.779,0.594,0.976,0.369,0.71
24Q236,International High School for Health Sciences,273,0.87,0.95,0.84,0.94,0.89,0.94,2.15,2.27,0.747,0.037,0,0.93,0.286,0.59,0.231,0.044,0.652,0.066,6.1,0.818,0.873,0.336,0.959,0.343,0.71
24Q264,Academy of Finance and Enterprise,649,0.86,0.92,0.79,0.95,0.89,0.92,3.17,3.32,0.057,0.128,0.002,0.68,0.059,0.579,0.251,0.045,0.51,0.153,7.1,0.848,0.931,0.215,0.973,0.7,0.96
24Q267,High School of Applied Communication,407,0.56,0.57,0.53,0.55,0.78,0.68,2.85,2.66,0.069,0.172,0,0.67,0.029,0.58,0.143,0.084,0.622,0.133,2.9,0.607,0.903,0.302,0.962,0.585,0.95
24Q293,Civic Leadership Academy,593,0.82,0.88,0.82,0.83,0.85,0.88,3.11,2.97,0.066,0.197,0.039,0.77,0.056,0.685,0.132,0.049,0.69,0.061,11.1,0.743,0.911,0.259,0.968,0.671,0.92
24Q296,Pan American International High School,423,0.89,0.87,0.85,0.88,0.94,0.92,1.9,1.96,0.842,0.028,0,0.95,0.182,0.624,0,0.002,0.991,0.002,4.1,0.763,0.935,0.18,0.967,0.251,0.85
24Q299,Bard High School Early College Queens,643,0.9,0.75,0.84,0.83,0.85,0.91,3.97,4.16,0.002,0.054,0,0.42,0.016,0.308,0.361,0.103,0.188,0.33,11,0.718,0.963,0.065,0.977,0.916,0.99
24Q455,Newtown High School,1805,0.88,0.92,0.8,0.94,0.87,0.93,2.72,2.62,0.239,0.137,0.021,0.79,0.109,0.656,0.254,0.08,0.596,0.048,26.9,0.841,0.89,0.267,0.96,0.417,0.72
24Q485,Grover Cleveland High School,1715,0.67,0.72,0.66,0.75,0.81,0.82,2.72,2.59,0.174,0.192,0.066,0.75,0.089,0.648,0.1,0.058,0.635,0.183,1,0.824,0.836,0.428,0.955,0.449,0.67
24Q520,Middle College High School at LaGuardia Community,508,0.85,0.84,0.79,0.84,0.89,0.88,3.02,3,0.012,0.165,0,0.74,0.026,0.687,0.081,0.026,0.821,0.067,0.9,0.885,0.932,0.19,0.956,0.454,0.84
24Q530,International High School at LaGuardia Community C,507,0.92,0.88,0.94,0.91,0.95,0.97,2.05,2.43,0.651,0.018,0,0.84,0.225,0.602,0.233,0.026,0.645,0.097,4.9,0.8,0.918,0.24,0.969,0.396,0.81
24Q550,High School for Arts and Business,784,0.85,0.93,0.81,0.93,0.92,0.92,2.97,2.91,0.099,0.163,0.001,0.75,0.073,0.67,0.089,0.075,0.761,0.05,11.9,0.863,0.912,0.247,0.962,0.57,0.95
24Q560,"Robert F. Wagner, Jr. Secondary School for Arts an",491,0.81,0.78,0.75,0.84,0.86,0.87,3.06,3.12,0.031,0.181,0,0.65,0.041,0.564,0.187,0.051,0.613,0.141,4,0.878,0.918,0.228,0.954,0.676,0.99
24Q585,Maspeth High School,1212,0.86,0.86,0.77,0.88,0.84,0.85,3.33,3.35,0.03,0.154,0,0.55,0.025,0.465,0.174,0.017,0.464,0.276,8.1,0.647,0.934,0.201,0.983,0.686,0.98
24Q600,Queens Technical High School,1522,0.8,0.83,0.74,0.84,0.86,0.86,2.95,2.99,0.073,0.181,0.048,0.76,0.053,0.693,0.095,0.051,0.797,0.054,8.9,0.835,0.921,0.188,0.956,0.564,0.81
24Q610,Aviation Career & Technical Education High School,2088,0.85,0.85,0.81,0.86,0.84,0.9,3.42,3.68,0.029,0.139,0.042,0.67,0.032,0.582,0.37,0.04,0.459,0.095,2.9,0.873,0.974,0.057,0.964,0.508,0.97
25Q240,Veritas Academy,567,0.85,0.9,0.72,0.91,0.86,0.9,2.87,2.79,0.079,0.183,0.063,0.7,0.071,0.589,0.134,0.125,0.61,0.093,6.1,0.675,0.887,0.349,0.968,0.574,0.86
25Q241,Queens High School for Language Studies,424,0.86,0.94,0.84,0.98,0.84,0.95,2.99,3.16,0.226,0.064,0,0.76,0.052,0.613,0.594,0.064,0.281,0.031,5.9,0.793,0.933,0.194,0.97,0.9,0.91
25Q252,"Queens School of Inquiry, The",335,0.78,0.75,0.73,0.78,0.84,0.87,3.26,3.36,0.024,0.155,0,0.51,0.012,0.409,0.352,0.17,0.239,0.188,9,0.76,0.94,0.152,0.967,0.805,0.97
25Q263,Flushing International High School,426,0.88,0.99,0.87,0.99,0.89,0.97,1.84,2.49,0.869,0.026,0.002,0.95,0.251,0.608,0.448,0.019,0.486,0.042,7.9,0.9,0.887,0.329,0.967,0.421,0.65
25Q281,East-West School of International Studies,352,0.84,0.77,0.74,0.78,0.91,0.85,3.07,3.42,0.051,0.156,0.014,0.62,0.026,0.523,0.588,0.105,0.224,0.065,2.4,0.639,0.932,0.202,0.965,0.701,0.96
25Q285,World Journalism Preparatory: A College Board Scho,325,0.78,0.91,0.68,0.94,0.92,0.91,3.26,3.11,0.012,0.188,0,0.46,0.049,0.366,0.138,0.049,0.36,0.422,2.7,0.975,0.915,0.274,0.974,0.879,0.99
25Q425,John Bowne High School,3522,0.78,0.81,0.66,0.84,0.81,0.87,2.87,2.84,0.176,0.15,0.05,0.75,0.069,0.634,0.296,0.19,0.435,0.055,1.2,0.861,0.849,0.383,0.959,0.503,0.77
25Q460,Flushing High School,1595,0.75,0.71,0.65,0.74,0.78,0.83,2.75,2.63,0.208,0.127,0.034,0.78,0.11,0.648,0.159,0.193,0.589,0.032,1.8,0.504,0.844,0.439,0.967,0.317,0.7
25Q525,Townsend Harris High School,1182,0.88,0.77,0.86,0.75,0.84,0.83,4.15,4.29,0.001,0.043,0,0.39,0.011,0.289,0.558,0.052,0.124,0.193,2.2,0.929,0.971,0.052,0.957,0.923,1
25Q670,Robert F. Kennedy Community High School,702,0.83,0.88,0.75,0.91,0.87,0.89,2.84,2.88,0.08,0.175,0.014,0.7,0.038,0.621,0.355,0.128,0.349,0.14,2.9,0.864,0.898,0.318,0.959,0.576,0.92
26Q315,Business Technology Early College High School,519,0.86,0.89,0.8,0.91,0.93,0.93,3.05,2.92,0.04,0.125,0.002,0.59,0.075,0.491,0.245,0.439,0.193,0.062,2.4,0.677,0.866,0.405,0.984,N<15,0.94
26Q415,Benjamin N. Cardozo High School,3609,0.75,0.75,0.61,0.7,0.76,0.78,3.22,3.33,0.046,0.134,0.034,0.51,0.037,0.421,0.422,0.215,0.208,0.136,2.9,0.816,0.92,0.22,0.963,0.774,0.9
26Q430,Francis Lewis High School,4492,0.83,0.88,0.77,0.87,0.76,0.89,3.29,3.49,0.105,0.146,0.047,0.6,0.05,0.493,0.567,0.061,0.215,0.149,5.9,0.904,0.921,0.204,0.968,0.802,0.9
26Q435,Martin Van Buren High School,1162,0.81,0.8,0.64,0.77,0.81,0.82,2.76,2.58,0.13,0.115,0.024,0.67,0.083,0.559,0.288,0.453,0.176,0.032,7.1,0.924,0.878,0.359,0.967,0.405,0.79
26Q495,Bayside High School,2850,0.81,0.87,0.69,0.87,0.84,0.89,3.11,3.23,0.082,0.166,0.037,0.52,0.059,0.416,0.379,0.131,0.25,0.198,10.9,0.93,0.928,0.219,0.97,0.775,0.98
26Q566,"Queens High School of Teaching, Liberal Arts and t",1070,0.59,0.57,0.61,0.52,0.84,0.7,2.88,2.68,0.024,0.201,0.002,0.41,0.029,0.329,0.207,0.526,0.148,0.072,2.7,0.828,0.9,0.306,0.957,0.675,0.93
27Q260,Frederick Douglass Academy VI High School,346,0.73,0.76,0.62,0.77,0.76,0.77,2.39,2.04,0.303,0.199,0.017,0.88,0.194,0.659,0.012,0.491,0.462,0.006,4.9,0.769,0.782,0.592,0.971,0.29,0.48
27Q262,Channel View School for Research,553,0.81,0.84,0.72,0.85,0.89,0.88,3.01,2.76,0.014,0.125,0.011,0.63,0.029,0.524,0.071,0.456,0.316,0.141,4.8,0.716,0.897,0.363,0.958,0.58,0.93
27Q302,"Queens High School for Information, Research, and",466,0.86,0.96,0.8,0.98,0.9,0.96,2.61,2.34,0.217,0.208,0.009,0.81,0.109,0.661,0.052,0.408,0.483,0.032,5,0.867,0.847,0.425,0.969,0.428,0.82
27Q308,Robert H. Goddard High School of Communication Art,629,0.84,0.86,0.78,0.88,0.87,0.9,3.01,2.79,0.038,0.194,0.025,0.57,0.038,0.477,0.262,0.075,0.377,0.238,8.9,0.947,0.933,0.189,0.971,0.698,0.92
27Q309,Academy of Medical Technology: A College Board Sch,400,0.78,0.81,0.72,0.8,0.89,0.87,2.69,2.32,0.168,0.155,0.003,0.83,0.085,0.703,0.075,0.383,0.475,0.043,3.7,0.88,0.857,0.444,0.971,0.539,0.67
27Q314,Epic High School - South,382,0.77,0.88,0.73,0.91,0.88,0.94,2.66,2.45,0.089,0.194,0.065,0.66,0.065,0.573,0.275,0.319,0.285,0.031,3.1,0.556,0.843,0.516,0.953,N<15,0.83
27Q323,Scholars' Academy,691,0.84,0.8,0.78,0.85,0.93,0.85,3.85,4.05,0,0.148,0.064,0.35,0.013,0.243,0.145,0.207,0.208,0.427,14.1,0.743,0.935,0.173,0.964,0.959,1
27Q324,Rockaway Park High School for Environmental Sustai,304,0.79,0.8,0.68,0.86,0.8,0.89,2.57,2.25,0.122,0.293,0.003,0.85,0.168,0.757,0.03,0.431,0.401,0.092,8.4,0.917,0.776,0.627,0.967,0.397,0.74
27Q334,Epic High School - North,411,0.71,0.61,0.66,0.76,0.92,0.82,2.72,2.53,0.097,0.153,0,0.69,0.073,0.582,0.273,0.168,0.414,0.054,0.9,0.556,0.851,0.452,0.975,N<15,0.81
27Q351,Rockaway Collegiate High School,306,0.78,0.64,0.59,0.79,0.79,0.78,2.47,2.26,0.082,0.304,0.098,0.83,0.101,0.739,0.029,0.559,0.353,0.052,0.8,0.667,0.797,0.583,0.946,0.324,0.64
27Q400,August Martin High School,311,0.82,0.9,0.72,0.95,0.92,0.9,2.4,2.18,0.061,0.232,0.01,0.72,0.132,0.624,0.125,0.666,0.148,0.013,4.1,0.643,0.885,0.378,0.992,0.31,0.84
27Q475,Richmond Hill High School,1576,0.77,0.8,0.69,0.84,0.88,0.86,2.68,2.54,0.23,0.143,0.039,0.77,0.073,0.624,0.315,0.123,0.456,0.041,5.9,0.847,0.877,0.352,0.96,0.461,0.68
27Q480,John Adams High School,2366,0.79,0.78,0.65,0.84,0.85,0.83,2.71,2.49,0.139,0.14,0.046,0.75,0.115,0.615,0.361,0.245,0.322,0.027,7.1,0.657,0.87,0.383,0.958,0.383,0.82
27Q650,"High School for Construction Trades, Engineering a",1066,0.84,0.9,0.77,0.9,0.9,0.9,3.28,3.35,0.016,0.162,0.003,0.53,0.019,0.421,0.308,0.09,0.365,0.119,9.4,0.815,0.939,0.168,0.96,0.792,0.98
28Q157,J.H.S. 157 Stephen A. Halsey,38,0.86,0.85,0.78,0.88,0.89,0.9,2.41,2.41,0.289,0.316,0.211,0.82,0.132,0.737,0.289,0.158,0.237,0.316,13.9,0.75,0.923,0.263,0.969,N<15,N<15
28Q167,Metropolitan Expeditionary Learning School,454,0.8,0.84,0.73,0.88,0.92,0.89,2.98,2.82,0.007,0.194,0.02,0.53,0.044,0.436,0.161,0.183,0.441,0.152,9.1,0.836,0.936,0.187,0.968,0.77,0.95
28Q284,York Early College Academy,368,0.86,0.86,0.76,0.87,0.93,0.91,3.45,3.61,0,0.092,0.005,0.5,0.046,0.399,0.272,0.514,0.092,0.011,3.6,0.933,0.933,0.173,0.97,0.852,0.97
28Q310,Queens Collegiate: A College Board School,416,0.78,0.79,0.65,0.8,0.85,0.85,2.78,2.66,0.123,0.149,0.012,0.69,0.063,0.567,0.303,0.399,0.192,0.014,11.1,0.83,0.862,0.4,0.946,0.485,0.82
28Q325,Hillside Arts & Letters Academy,447,0.89,0.96,0.8,0.97,0.88,0.95,2.69,2.41,0.141,0.192,0.016,0.71,0.081,0.615,0.201,0.412,0.293,0.025,4.1,0.793,0.868,0.398,0.982,0.49,0.91
28Q328,High School for Community Leadership,464,0.83,0.97,0.71,0.97,0.92,0.93,2.83,2.62,0.149,0.155,0.006,0.69,0.097,0.575,0.231,0.353,0.28,0.045,9.1,0.821,0.841,0.519,0.973,0.709,0.94
28Q350,Jamaica Gateway to the Sciences,494,0.88,0.88,0.77,0.93,0.89,0.9,2.91,2.95,0.099,0.148,0.006,0.65,0.109,0.559,0.381,0.344,0.16,0.026,8.1,0.767,0.898,0.335,0.972,0.655,0.91
28Q440,Forest Hills High School,3806,0.76,0.66,0.61,0.53,0.77,0.66,3.19,3.25,0.086,0.159,0.045,0.59,0.046,0.463,0.241,0.071,0.354,0.295,.,0.885,0.882,0.287,0.961,0.699,0.87
28Q505,Hillcrest High School,3300,0.81,0.83,0.68,0.83,0.81,0.87,2.86,2.74,0.18,0.109,0.045,0.73,0.089,0.602,0.325,0.263,0.337,0.032,5.5,0.874,0.866,0.339,0.963,0.506,0.78
28Q620,Thomas A. Edison Career and Technical Education Hi,2196,0.81,0.79,0.74,0.8,0.81,0.83,3.39,3.51,0.022,0.135,0.054,0.61,0.043,0.519,0.483,0.178,0.232,0.041,6.9,0.85,0.938,0.141,0.966,0.629,0.92
28Q680,Queens Gateway to Health Sciences Secondary School,426,0.71,0.65,0.61,0.63,0.78,0.67,3.54,3.59,0.019,0.131,0.012,0.52,0.028,0.441,0.451,0.265,0.11,0.052,7.2,0.7,0.931,0.184,0.961,0.862,0.96
28Q686,Queens Metropolitan High School,1104,0.81,0.84,0.75,0.87,0.86,0.88,3.08,2.94,0.032,0.172,0.045,0.44,0.033,0.35,0.101,0.037,0.425,0.427,3,0.882,0.92,0.228,0.959,0.545,0.91
28Q687,Queens High School for the Sciences at York Colleg,475,0.8,0.69,0.77,0.59,0.85,0.76,4.06,4.31,0,0,0,0.49,0.021,0.394,0.819,0.032,0.04,0.061,2.7,0.815,0.969,0.078,0.972,0.897,1
28Q690,High School for Law Enforcement and Public Safety,462,0.73,0.81,0.67,0.84,0.87,0.85,2.62,2.42,0.069,0.212,0.091,0.69,0.121,0.6,0.123,0.578,0.247,0.017,5.6,0.742,0.868,0.372,0.971,0.575,0.81
28Q896,"Young Women's Leadership School, Queens",299,0.81,0.82,0.74,0.83,0.88,0.89,3.4,3.24,0.017,0.164,0,0.6,0.07,0.495,0.358,0.431,0.104,0.033,6.1,0.914,0.921,0.264,0.981,0.798,0.99
29Q243,Institute for Health Professions at Cambria Height,413,0.83,0.93,0.77,0.96,0.88,0.95,2.85,2.53,0.097,0.107,0.01,0.68,0.09,0.603,0.107,0.705,0.131,0.019,6.1,0.656,0.87,0.439,0.969,0.463,0.89
29Q248,Queens Preparatory Academy,387,0.58,0.55,0.6,0.47,0.86,0.68,2.51,2.24,0.116,0.14,0.01,0.66,0.134,0.584,0.036,0.819,0.085,0.018,14.1,0.792,0.81,0.458,0.952,0.383,0.79
29Q259,Pathways College Preparatory School: A College Boa,353,0.8,0.89,0.66,0.9,0.91,0.9,2.79,2.42,0.048,0.147,0.011,0.52,0.071,0.445,0.065,0.853,0.045,0.017,2.9,0.833,0.901,0.238,0.972,0.494,0.84
29Q265,Excelsior Preparatory High School,438,0.73,0.91,0.69,0.92,0.9,0.9,2.66,2.33,0.078,0.16,0.03,0.59,0.098,0.493,0.025,0.822,0.082,0.025,9,0.962,0.863,0.385,0.971,0.408,0.84
29Q272,George Washington Carver High School for the Scien,417,0.84,0.84,0.7,0.83,0.86,0.87,2.72,2.48,0.05,0.173,0.026,0.62,0.101,0.518,0.043,0.734,0.151,0.012,15.1,0.926,0.847,0.374,0.941,0.474,0.72
29Q283,Preparatory Academy for Writers: A College Board S,371,0.83,0.71,0.8,0.76,0.82,0.81,2.89,2.65,0.024,0.151,0.022,0.53,0.059,0.453,0.03,0.903,0.057,0,10,0.97,0.845,0.416,0.958,0.628,0.89
29Q313,Benjamin Franklin High School for Finance & Inform,389,0.85,0.82,0.77,0.85,0.85,0.87,2.64,2.4,0.131,0.177,0.044,0.69,0.113,0.571,0.147,0.602,0.165,0.021,0.9,0.9,0.849,0.476,0.975,N<15,0.84
29Q326,Cambria Heights Academy,370,0.76,0.8,0.72,0.87,0.9,0.89,2.63,2.38,0.103,0.173,0.003,0.6,0.092,0.519,0.146,0.724,0.097,0.016,9,0.75,0.872,0.338,0.974,0.614,0.94
29Q327,Eagle Academy for Young Men III,276,0.69,0.66,0.62,0.75,0.89,0.78,2.61,2.37,0.004,0.243,0.043,0.52,0.091,0.438,0.022,0.859,0.043,0.018,1.9,0.757,0.868,0.419,0.965,0.717,0.9
29Q492,"Mathematics, Science Research and Technology Magne",407,0.76,0.83,0.7,0.89,0.84,0.87,2.67,2.52,0.145,0.111,0.01,0.7,0.108,0.587,0.162,0.688,0.113,0.015,1.5,0.625,0.842,0.431,0.972,0.367,0.73
29Q498,Humanities & Arts Magnet High School,439,0.69,0.7,0.65,0.79,0.92,0.84,2.62,2.28,0.114,0.171,0.002,0.68,0.118,0.569,0.062,0.745,0.15,0.016,2.9,0.846,0.86,0.398,0.961,0.35,0.84
30Q258,Energy Tech High School,533,0.85,0.91,0.77,0.93,0.91,0.92,3.01,3.05,0.026,0.163,0.002,0.63,0.038,0.544,0.167,0.094,0.578,0.124,6.1,0.639,0.911,0.261,0.986,0.436,0.88
30Q286,"Young Women's Leadership School, Astoria",320,0.84,0.81,0.8,0.71,0.89,0.82,3.32,3.24,0.034,0.131,0.006,0.73,0.038,0.634,0.366,0.075,0.394,0.156,3.9,0.757,0.937,0.178,0.967,0.863,1
30Q301,Academy for Careers in Television and Film,562,0.85,0.92,0.81,0.96,0.92,0.95,3.13,2.97,0.016,0.214,0.004,0.53,0.034,0.423,0.071,0.117,0.559,0.187,6.5,0.824,0.931,0.192,0.985,0.767,0.98
30Q445,William Cullen Bryant High School,2344,0.7,0.67,0.65,0.68,0.81,0.76,2.84,2.76,0.186,0.147,0.043,0.8,0.1,0.689,0.262,0.067,0.515,0.137,7.9,0.647,0.881,0.297,0.962,0.49,0.75
30Q450,Long Island City High School,2252,0.77,0.81,0.66,0.85,0.87,0.88,2.82,2.68,0.114,0.165,0.007,0.8,0.079,0.715,0.146,0.103,0.674,0.059,7.1,0.774,0.876,0.352,0.952,0.409,0.77
30Q501,Frank Sinatra School of the Arts High School,853,0.83,0.84,0.78,0.87,0.88,0.91,3.59,3.56,0.008,0.188,0,0.36,0.021,0.256,0.114,0.132,0.331,0.359,1.9,0.941,0.923,0.211,0.973,0.878,0.94
30Q502,Information Technology High School,1011,0.74,0.8,0.68,0.83,0.86,0.85,2.79,2.78,0.073,0.193,0.058,0.76,0.099,0.681,0.208,0.111,0.595,0.073,0.8,0.906,0.88,0.307,0.963,0.629,0.77
30Q555,Newcomers High School,828,0.82,0.85,0.79,0.9,0.87,0.91,1.85,2.22,0.783,0.008,0,0.97,0.221,0.591,0.279,0.01,0.639,0.058,0.9,0.881,0.889,0.289,0.96,0.379,0.68
30Q575,Academy of American Studies,1007,0.73,0.58,0.63,0.66,0.82,0.76,3.49,3.55,0.026,0.074,0,0.53,0.019,0.436,0.256,0.044,0.352,0.346,7.9,0.833,0.925,0.22,0.959,0.774,0.97
30Q580,Baccalaureate School for Global Education,412,0.84,0.78,0.82,0.73,0.88,0.83,3.87,4.02,0.024,0.102,0.027,0.44,0.012,0.35,0.444,0.051,0.218,0.255,12.4,0.906,0.962,0.068,0.969,0.852,0.98
31R028,The Eagle Academy for Young Men of Staten Island,54,0.79,0.86,0.72,0.91,0.91,0.9,2.35,2.08,0.056,0.426,0,0.7,0.037,0.556,0.093,0.556,0.278,0.074,5.1,0.759,0.89,0.431,0.973,N<15,N<15
31R047,CSI High School for International Studies,496,0.88,0.91,0.8,0.94,0.88,0.91,3.48,3.42,0,0.149,0.002,0.37,0.014,0.284,0.167,0.073,0.198,0.54,8.9,0.893,0.949,0.143,0.976,0.771,1
31R064,Gaynor McCown Expeditionary Learning School,434,0.81,0.84,0.7,0.88,0.89,0.89,3.05,2.84,0.007,0.27,0.069,0.38,0.018,0.281,0.021,0.09,0.221,0.597,10.1,0.794,0.918,0.247,0.971,0.779,0.93
31R080,The Michael J. Petrides School,457,0.84,0.89,0.69,0.91,0.93,0.91,3.12,3,0.004,0.274,0.033,0.45,0.018,0.322,0.094,0.245,0.217,0.438,15.3,0.884,0.915,0.265,0.964,0.602,0.95
31R440,New Dorp High School,3051,0.8,0.85,0.66,0.92,0.88,0.89,2.99,2.82,0.045,0.232,0.065,0.55,0.051,0.449,0.095,0.102,0.271,0.519,20.1,0.832,0.912,0.175,0.962,0.523,0.84
31R445,Port Richmond High School,1564,0.83,0.87,0.69,0.9,0.89,0.91,2.78,2.52,0.092,0.276,0.087,0.72,0.104,0.621,0.077,0.233,0.455,0.214,1.1,0.837,0.84,0.402,0.967,0.387,0.72
31R450,Curtis High School,2586,0.77,0.77,0.66,0.81,0.83,0.87,2.89,2.66,0.082,0.191,0.017,0.74,0.1,0.617,0.07,0.359,0.406,0.134,4,0.879,0.861,0.36,0.966,0.539,0.79
31R455,Tottenville High School,3654,0.75,0.72,0.68,0.75,0.85,0.8,3.26,3.26,0.016,0.207,0.043,0.31,0.026,0.24,0.054,0.016,0.116,0.804,5.1,0.889,0.915,0.244,0.962,0.682,0.92
31R460,Susan E. Wagner High School,3383,0.77,0.76,0.69,0.73,0.83,0.81,3.2,3.04,0.039,0.213,0.072,0.52,0.04,0.424,0.151,0.103,0.272,0.461,1.9,0.865,0.91,0.235,0.958,0.713,0.89
31R600,Ralph R. McKee Career and Technical Education High,795,0.83,0.86,0.68,0.89,0.85,0.88,2.67,2.47,0.065,0.326,0.092,0.71,0.059,0.615,0.047,0.272,0.482,0.189,12.1,0.733,0.84,0.445,0.96,0.442,0.73
31R605,Staten Island Technical High School,1331,0.9,0.87,0.86,0.88,0.84,0.92,4.12,4.32,0,0.013,0,0.35,0.011,0.243,0.509,0.007,0.026,0.452,5.9,0.902,0.962,0.078,0.967,0.902,1
32K168,The Brooklyn School for Math and Research,277,0.77,0.81,0.68,0.88,0.88,0.92,2.79,2.85,0.097,0.177,0,0.81,0.119,0.7,0.051,0.477,0.422,0.025,8.1,0.65,0.901,0.36,0.982,0.741,0.88
32K403,Academy for Environmental Leadership,238,0.69,0.68,0.65,0.74,0.9,0.84,2.41,2.2,0.437,0.193,0.004,0.89,0.214,0.739,0.042,0.155,0.756,0.042,4.4,0.857,0.837,0.457,0.976,0.295,0.72
32K545,EBC High School for Public Service - Bushwick,479,0.81,0.78,0.7,0.83,0.89,0.87,2.54,2.25,0.196,0.23,0.01,0.9,0.148,0.839,0.002,0.094,0.881,0.021,7.9,0.784,0.828,0.513,0.948,0.311,0.81
32K549,The Brooklyn School for Social Justice,335,0.74,0.71,0.73,0.75,0.9,0.85,2.44,2.18,0.358,0.224,0,0.92,0.185,0.8,0.012,0.194,0.746,0.033,5,0.613,0.79,0.534,0.964,0.288,0.72
32K552,The Academy of Urban Planning and Engineering,231,0.84,0.95,0.73,0.98,0.92,0.96,2.47,2.27,0.238,0.273,0.017,0.89,0.156,0.771,0.004,0.225,0.749,0.013,2.7,0.7,0.903,0.3,0.977,0.264,0.83
32K554,All City Leadership Secondary School,250,0.94,0.94,0.89,0.98,0.96,0.95,3.49,3.68,0.028,0.148,0.004,0.71,0.044,0.6,0.048,0.1,0.796,0.052,16.1,0.889,0.934,0.196,0.971,0.759,0.98
32K556,Bushwick Leaders High School for Academic Excellen,302,0.68,0.62,0.71,0.64,0.91,0.82,2.44,2.22,0.258,0.278,0.01,0.92,0.212,0.841,0.017,0.199,0.755,0.013,15.5,0.571,0.831,0.526,0.979,0.432,0.76
84K356,Achievement First Crown Heights Charter School,432,0.74,0.88,0.68,0.83,0.94,0.88,3.26,3.6,0.002,0.15,0.005,0.63,0.037,0.507,0,0.887,0.102,0,.,.,0.957,0.092,.,0.714,0.97
84K357,KIPP AMP Charter School,163,0.87,0.88,0.79,0.94,0.93,0.95,3.05,3.34,0.012,0.141,0,0.69,0.135,0.534,0.006,0.877,0.074,0,.,.,0.934,0.153,.,0.808,0.97
84K358,Achievement First East New York Charter School,389,0.87,0.91,0.73,0.93,0.96,0.92,3.52,3.89,0.023,0.08,0.003,0.68,0.028,0.558,0.008,0.458,0.527,0.003,.,.,0.97,0.058,.,0.677,0.89
84K359,The Uft Charter School,221,0.79,0.69,0.72,0.77,0.86,0.86,2.52,2.3,0.086,0.113,0,0.83,0.154,0.692,0.023,0.719,0.235,0.009,.,.,0.829,0.513,.,0.533,0.79
84K473,Williamsburg Charter High School,934,0.78,0.78,0.65,0.81,0.88,0.86,2.77,2.55,0.067,0.183,0.032,0.8,0.069,0.707,0.007,0.277,0.698,0.013,.,.,0.853,0.436,.,0.477,0.83
84K517,Leadership Prep Bedford Stuyvesant Uncommon Prep C,373,0.81,0.79,0.68,0.81,0.93,0.86,3.1,3.46,0.013,0.129,0.008,0.69,0.064,0.55,0.005,0.702,0.172,0.008,.,.,0.903,0.331,.,N<15,0.8
84K608,Kings Collegiate Charter School,219,0.82,0.78,0.64,0.83,0.93,0.88,3.15,3.6,0.009,0.128,0.005,0.77,0.073,0.662,0.014,0.813,0.155,0,.,.,0.918,0.244,.,N<15,N<15
84K626,Achievement First Brownsville Charter School,288,0.81,0.72,0.7,0.81,0.91,0.85,3.31,3.56,0.01,0.094,0.007,0.73,0.063,0.594,0.021,0.84,0.128,0,.,.,0.954,0.117,.,N<15,N<15
84K652,Brooklyn Ascend Charter School,354,0.72,0.67,0.63,0.71,0.92,0.83,2.81,2.81,0.02,0.178,0,0.69,0.054,0.562,0.003,0.873,0.116,0,.,.,0.945,0.16,.,N<15,0.92
84K693,Northside Charter High School,389,0.83,0.9,0.74,0.95,0.81,0.92,2.8,2.57,0.057,0.188,0.018,0.76,0.059,0.65,0.015,0.154,0.761,0.054,.,.,0.937,0.153,.,0.608,0.85
84K707,Brooklyn Prospect Charter School,446,0.81,0.82,0.71,0.85,0.91,0.89,3.18,3.27,0.016,0.188,0.002,0.44,0.034,0.339,0.083,0.099,0.388,0.381,.,.,.,.,.,0.705,0.96
84K712,Excellence Girls Charter School,684,0.77,0.81,0.61,0.83,0.92,0.84,3.06,3.41,0.015,0.152,0.012,0.63,0.053,0.509,0.007,0.722,0.218,0.012,.,.,0.942,0.147,.,0.775,0.93
84K730,Summit Academy Charter School,194,0.69,0.68,0.71,0.73,0.96,0.86,2.81,2.73,0.031,0.206,0.015,0.79,0.103,0.639,0.005,0.546,0.402,0.01,.,.,0.808,0.458,.,0.705,0.71
84K733,"Math, Engineering, and Science Academy Charter Hig",472,0.67,0.74,0.71,0.75,0.86,0.86,2.76,2.63,0.119,0.131,0.019,0.81,0.061,0.714,0.019,0.097,0.809,0.015,.,.,0.945,0.162,.,0.564,0.93
84K738,New Visions Charter High School for Advanced Math,391,0.77,0.76,0.59,0.81,0.85,0.84,2.83,2.73,0.043,0.123,0.003,0.65,0.074,0.54,0.064,0.772,0.097,0.031,.,.,0.927,0.245,.,0.769,0.9
84K739,New Visions Charter High School for the Humanities,233,0.66,0.58,0.62,0.7,0.87,0.81,2.77,2.5,0.03,0.176,0.017,0.7,0.112,0.597,0,0.876,0.103,0.013,.,.,0.906,0.309,.,0.455,0.86
84K744,Coney Island Preparatory Public Charter School,338,0.81,0.82,0.71,0.85,0.95,0.89,3.03,3.14,0.021,0.219,0.003,0.73,0.065,0.633,0.092,0.408,0.37,0.112,.,.,0.931,0.204,.,0.711,0.9
84K757,Unity Prep Charter School,244,0.74,0.71,0.62,0.81,0.91,0.83,2.78,2.49,0.025,0.234,0.029,0.75,0.082,0.639,0,0.795,0.176,0.012,.,.,0.923,0.207,.,N<15,N<15
84K775,Leadership Preparatory Ocean Hill Charter School,416,0.8,0.76,0.64,0.8,0.94,0.84,3.18,3.59,0.007,0.101,0,0.64,0.036,0.522,0.01,0.861,0.058,0.007,.,.,0.937,0.201,.,N<15,0.9
84K803,Brooklyn LAB Charter School,229,0.72,0.68,0.57,0.75,0.89,0.83,2.73,2.51,0.035,0.279,0.061,0.72,0.144,0.585,0.013,0.76,0.197,0.017,.,.,1,.,.,N<15,N<15
84K892,Brooklyn Emerging Leaders Academy,115,0.85,0.88,0.8,0.92,0.95,0.94,2.93,2.6,0.026,0.191,0.009,0.74,0.122,0.617,0,0.73,0.226,0.017,.,.,.,.,.,N<15,N<15
84M065,Democracy Prep Endurance Charter School,302,0.74,0.72,0.6,0.72,0.89,0.79,3.16,3.31,0.046,0.136,0.013,0.75,0.109,0.573,0,0.659,0.325,0.01,.,.,0.92,0.19,.,N<15,0.7
84M068,KIPP Washington Heights Middle School,235,0.87,0.88,0.79,0.94,0.93,0.95,3.33,3.46,0.038,0.132,0.009,0.8,0.085,0.677,0.004,0.128,0.868,0,.,.,0.942,0.119,.,N<15,N<15
84M204,Capital Preparatory (CP) Harlem Charter School,88,0.72,0.59,0.5,0.67,0.87,0.69,3.01,2.54,0.023,0.193,0,0.76,0.205,0.602,0,0.761,0.227,0,.,.,0.74,0.558,.,N<15,N<15
84M279,The Opportunity Charter School,261,0.65,0.64,0.62,0.77,0.87,0.82,2.35,2,0.13,0.64,0.176,0.89,0.142,0.816,0.015,0.494,0.471,0.004,.,.,0.851,0.533,.,0.451,0.89
84M284,Harlem Children's Zone Promise Academy 1 Charter S,250,0.75,0.68,0.64,0.79,0.9,0.85,2.99,3.13,0.008,0.116,0.004,0.79,0.064,0.668,0.004,0.86,0.108,0.004,.,.,0.949,0.116,.,0.942,0.97
84M335,Harlem Village Academy East Charter School,163,0.68,0.67,0.59,0.79,0.79,0.84,2.97,3.04,0,0.233,0.006,0.77,0.104,0.607,0,0.669,0.319,0,.,.,0.938,0.181,.,0.804,0.98
84M336,KIPP Infinity Charter School,295,0.87,0.88,0.79,0.94,0.93,0.95,3.41,3.88,0.017,0.197,0.003,0.79,0.068,0.681,0,0.22,0.773,0.007,.,.,0.933,0.179,.,0.77,0.92
84M341,Harlem Children's Zone Promise Academy II Charter,238,0.73,0.71,0.62,0.81,0.9,0.86,3.16,3.43,0.004,0.118,0,0.77,0.067,0.643,0.013,0.836,0.134,0.013,.,.,0.942,0.156,.,0.889,0.98
84M350,Democracy Prep Charter School,359,0.75,0.72,0.64,0.8,0.89,0.81,3.2,3.57,0.039,0.139,0.008,0.74,0.089,0.596,0.017,0.624,0.34,0.008,.,.,0.947,0.115,.,0.61,0.81
84M351,Success Academy Charter School - Harlem 1,391,.,.,.,0.8,0.89,0.76,3.85,4.13,0,0.113,0,0.69,0.026,0.542,0.008,0.627,0.179,0.013,.,.,.,.,.,N<15,0.81
84M353,New Heights Academy Charter School,386,0.8,0.82,0.71,0.87,0.95,0.89,2.93,2.67,0.083,0.132,0,0.89,0.106,0.819,0.003,0.028,0.969,0,.,.,0.917,0.182,.,0.714,0.86
84M382,DREAM Charter School,205,0.75,0.68,0.65,0.74,0.94,0.83,2.72,2.57,0.024,0.263,0.02,0.81,0.112,0.663,0.029,0.302,0.595,0.059,.,.,0.929,0.244,.,N<15,N<15
84M385,Success Academy Charter School - Harlem 3,228,.,.,.,0.83,0.92,0.87,3.82,4.1,0.009,0.096,0,0.71,0.039,0.561,0.004,0.443,0.132,0.004,.,.,.,.,.,N<15,N<15
84M433,Renaissance Charter High School for Innovation,444,0.72,0.66,0.68,0.72,0.8,0.82,2.53,2.26,0.11,0.329,0.045,0.9,0.151,0.797,0.009,0.421,0.556,0.007,.,.,0.691,0.875,.,0.194,0.78
84M478,Inwood Academy for Leadership Charter School,468,0.74,0.81,0.7,0.88,0.91,0.93,2.78,2.82,0.132,0.229,0.015,0.8,0.079,0.679,0,0.038,0.944,0.004,.,.,0.943,0.172,.,N<15,0.89
84M481,Democracy Prep Harlem Charter School,335,0.75,0.73,0.61,0.81,0.93,0.84,2.97,3.18,0.054,0.17,0.036,0.76,0.09,0.627,0.009,0.636,0.322,0.009,.,.,0.956,0.069,.,0.738,0.79
84M522,Broome Street Academy Charter School,302,0.74,0.61,0.66,0.74,0.8,0.82,2.7,2.49,0.043,0.255,0.01,0.81,0.166,0.709,0.013,0.513,0.404,0.03,.,.,.,.,.,0.463,0.57
84M708,Harlem Prep Charter School,273,0.78,0.77,0.6,0.81,0.92,0.86,2.98,3.08,0.033,0.209,0.029,0.8,0.121,0.667,0.007,0.571,0.407,0.007,.,.,0.914,0.228,.,N<15,N<15
84M709,Harlem Village Academy West Charter School,169,0.68,0.67,0.59,0.79,0.79,0.84,2.91,3.07,0.012,0.189,0,0.8,0.077,0.657,0,0.751,0.219,0.006,.,.,0.952,0.094,.,0.755,1
84M726,KIPP STAR College Prep Charter School,248,0.87,0.88,0.79,0.94,0.93,0.95,3.24,3.42,0.012,0.226,0,0.75,0.052,0.613,0.004,0.532,0.444,0,.,.,0.931,0.191,.,0.88,0.98
84Q320,New Visions Charter High School for Advanced Math,473,0.74,0.7,0.66,0.77,0.86,0.84,2.81,2.62,0.027,0.156,0.015,0.52,0.053,0.419,0.082,0.717,0.148,0.008,.,.,0.926,0.255,.,N<15,0.86
84Q373,New Visions Charter High School for the Humanities,189,0.74,0.72,0.6,0.79,0.9,0.86,2.71,2.47,0.011,0.185,0.016,0.72,0.106,0.63,0.032,0.614,0.249,0.053,.,.,0.896,0.325,.,N<15,N<15
84Q705,Renaissance Charter School,213,0.83,0.83,0.72,0.85,0.95,0.89,3.11,3.18,0.019,0.16,0,0.55,0.033,0.451,0.178,0.085,0.653,0.08,.,.,0.943,0.153,.,0.653,0.96
84R067,John W. Lavelle Preparatory Charter School,222,0.82,0.92,0.73,0.96,0.91,0.92,2.78,2.68,0.014,0.36,0.005,0.62,0.023,0.482,0.027,0.338,0.468,0.149,.,.,0.907,0.343,.,0.68,1
84R070,Lois and Richard Nicotra Early College Charter Sch,40,0.72,0.78,0.64,0.85,0.87,0.84,2.77,2.38,0.05,0.275,0.075,0.78,0.125,0.725,0.05,0.325,0.425,0.15,.,.,0.909,0.405,.,N<15,N<15
84X185,Bronx Lighthouse Charter School,241,0.77,0.7,0.66,0.75,0.89,0.82,3.02,2.75,0.046,0.162,0.008,0.78,0.05,0.651,0.008,0.303,0.676,0.004,.,.,.,.,.,0.627,0.88
84X202,New Visions Charter High School for Advanced Math,551,0.81,0.85,0.72,0.9,0.84,0.9,2.83,2.68,0.096,0.187,0.007,0.84,0.1,0.721,0.009,0.408,0.53,0.015,.,.,0.885,0.374,.,0.623,0.94
84X208,New Visions Charter High School for the Humanities,491,0.75,0.73,0.62,0.82,0.9,0.86,2.61,2.39,0.161,0.198,0.02,0.85,0.151,0.719,0.018,0.375,0.574,0.01,.,.,0.842,0.503,.,0.443,0.77
84X345,Hyde Leadership Charter School,262,0.77,0.79,0.72,0.82,0.94,0.88,2.89,3.04,0.061,0.195,0,0.84,0.115,0.718,0,0.267,0.725,0.008,.,.,0.901,0.288,.,0.75,0.82
84X347,International Leadership Charter High School,354,.,.,.,.,.,.,2.86,2.67,0.088,0.172,0.014,0.8,0.093,0.681,0.02,0.116,0.802,0.025,.,.,0.932,0.208,.,0.717,0.85
84X393,University Prep Charter High School,433,0.82,0.79,0.78,0.87,0.89,0.87,2.99,2.91,0.067,0.12,0.007,0.78,0.074,0.64,0.018,0.358,0.612,0.009,.,.,0.948,0.122,.,0.718,0.94
84X395,"NYC Charter High School for Architecture, Engineer",443,0.83,0.82,0.78,0.88,0.94,0.91,2.64,2.53,0.102,0.205,0.009,0.83,0.12,0.716,0.011,0.42,0.562,0,.,.,0.929,0.21,.,0.557,0.95
84X429,Charter High School for Law and Social Justice,425,0.7,0.68,0.55,0.71,0.7,0.79,2.81,2.51,0.104,0.12,0.014,0.81,0.113,0.692,0.002,0.2,0.736,0,.,.,.,.,.,N<15,0.72
84X461,Metropolitan Lighthouse Charter School,110,0.76,0.72,0.69,0.75,0.92,0.85,2.85,2.58,0.091,0.182,0,0.9,0.082,0.791,0,0.255,0.736,0,.,.,0.93,0.218,.,N<15,N<15
84X471,American Dream Charter School,168,0.85,0.91,0.82,0.92,0.97,0.94,2.74,2.59,0.185,0.167,0.012,0.91,0.149,0.81,0,0.042,0.946,0.006,.,.,.,.,.,N<15,N<15
84X482,Dr. Richard Izquierdo Health and Science Charter S,459,0.84,0.82,0.8,0.87,0.95,0.91,2.84,2.87,0.118,0.183,0.004,0.87,0.1,0.747,0.009,0.261,0.708,0.011,.,.,0.911,0.314,.,0.544,0.8
84X488,The Equality Charter School,366,0.76,0.77,0.67,0.88,0.9,0.88,2.84,2.64,0.049,0.24,0,0.66,0.057,0.541,0.011,0.598,0.383,0.005,.,.,0.917,0.257,.,N<15,0.9
84X539,New Visions Charter High School for Advanced Math,495,0.8,0.77,0.7,0.86,0.84,0.88,2.83,2.75,0.063,0.131,0.016,0.79,0.109,0.657,0.028,0.414,0.511,0.01,.,.,0.888,0.356,.,0.73,0.91
84X553,New Visions Charter High School for the Humanities,539,0.76,0.79,0.69,0.91,0.9,0.88,2.68,2.44,0.065,0.204,0.032,0.81,0.122,0.681,0.017,0.332,0.627,0.007,.,.,0.902,0.342,.,0.462,0.99
84X581,South Bronx Community Charter School,288,0.72,0.76,0.69,0.8,0.91,0.87,2.82,2.63,0.08,0.233,0.031,0.85,0.073,0.747,0,0.358,0.622,0.01,.,.,.,.,.,N<15,N<15
84X597,The Urban Assembly Charter School for Computer Sci,110,0.88,0.95,0.86,0.99,0.95,0.97,2.81,2.84,0.091,0.255,0.027,0.83,0.1,0.709,0.036,0.345,0.573,0.009,.,.,0.936,0.127,.,N<15,N<15
84X610,Urban Dove Team Charter School II,106,0.75,0.85,0.95,0.87,0.98,0.97,2.23,1.94,0.16,0.415,0.057,0.93,0.179,0.887,0,0.311,0.66,0.028,.,.,0.508,0.938,.,N<15,N<15
84X703,Bronx Preparatory Charter School,342,0.79,0.77,0.66,0.82,0.87,0.83,3.06,3.13,0.061,0.079,0.003,0.79,0.073,0.62,0,0.474,0.515,0.009,.,.,0.96,0.076,.,0.742,0.8
84X704,KIPP Academy Charter School,260,0.87,0.88,0.79,0.94,0.93,0.95,3.23,3.27,0.046,0.146,0,0.76,0.065,0.604,0.004,0.454,0.531,0.004,.,.,0.938,0.148,.,0.795,0.95